-387.48762390448258,-66.164847868198606,353.30734481278847
-255.92467419948559,-346.38755382970498,664.61172720461366
-675.5159559959975,117.73797617965417,528.22983907627417
-503.48368601218806,-165.7257080304197,567.06818233198646
-441.85841961769921,-197.74531902116939,436.85782753665575
-386.85330605103036,-128.64799942895013,346.39520306951528
-447.7127924834208,232.34905152928886,196.00527981880822
-265.48922444089692,-41.217357079176494,224.16521370240741
-636.4235439148307,56.821159603619279,500.95298162909887
-489.09512374537115,-64.986138933058285,473.25778684859739
-314.57405218656322,-32.275661423765996,139.55814164923945
-524.62737787030994,-95.150039130879122,394.91696262131029
-436.81982301600681,-277.67637664389122,-23.088701516408886
-470.95190471860877,-176.83425765979041,505.04591326483745
-457.0923697799094,40.217291049668226,610.97707920503035
-594.5995090462734,-311.84653150286368,83.189380852802529
-330.60427559783716,-100.54354465162611,49.821907262051631
-623.18104554988827,-39.159929435205427,440.19845566127066
-339.57742875415903,-85.462535482622343,325.02800305356715
-351.57322594849563,98.975693823677361,279.20906201955182
-363.66872547381752,-136.37526741705332,247.75069941478441
-406.43278469066416,-207.3248481412987,459.1090330778992
-574.59769069915217,-146.3769433584869,159.10537321574441
-272.00512091102127,-224.6394988313763,372.29379724022192
-407.75578635787139,143.65697002596161,200.93440396487404
-474.14337135457708,-124.1115505588407,529.13366517692577
-466.40720235943127,155.92203497479417,360.48550898848532
-330.02870930709372,89.554922203613955,314.57503660466
-395.8724266731241,-80.563033062127531,260.28993883948147
-441.70434706072984,22.729339030819961,301.5524635617731
-615.05591405056657,-151.8319845992699,645.06111379382457
-609.60320933896094,198.19675525445686,278.20304331414377
-259.74538532888778,-83.620279974536501,337.75587400070867
-327.75706882443586,-29.093710639880658,415.94690426402087
-442.75931927256119,-0.11216143411143366,169.15841310860844
-666.81635846996539,-429.58403716275399,486.91605227824527
-386.85335030460084,-132.73933994002795,400.03636694241652
-313.95861512753652,-93.218268507301971,467.55648589128367
-513.68175107569459,114.55721136146724,414.12983871865293
-575.6814398788548,-382.48016087078162,330.3424225740315
-119.55632353010172,-600.50913787824402,433.22120124349124
-422.31526768541676,-63.652520518216484,651.86936476013307
-544.49200956477546,-24.899230115567313,352.40762758889002
-334.12069799553421,-190.98760645380239,193.63359849048254
-497.31793802674207,305.48231654220848,97.736157809043547
-353.63927417827654,-306.11920967270657,414.39552470386138
-678.69806346031282,30.911901081917655,616.41967451586356
-491.40830984634778,-212.30906642535928,206.81994530297942
-302.22725030665811,60.987587404734732,265.51102249259782
-332.75789299097801,-37.731166849958228,372.76054877051888
-281.28912702849073,-281.45297637738645,440.40057334204829
-181.9453831959456,-59.104213313547788,333.77848372390667
-395.46649010558087,105.01752901501891,487.3730585518079
-520.04302952286525,-271.38026012888093,205.47937253933739
-514.22773351595242,-32.992223537494773,578.37521861924563
-488.2255896177366,-199.10840758212782,386.39920922483913
-489.58994111335232,-27.275178273312083,355.94148868329182
-277.20831472546598,-91.154259611433218,95.266240461160663
-680.97103527838635,37.079729000636654,432.76658932748529
-373.21034703329138,-126.37203938120028,207.29620040632884
-322.3758901364385,-113.6522231130876,431.53969196535081
-415.49231108268145,-99.554498275977863,194.56314901475253
-539.52557672032094,160.92126634273671,231.34366853579277
-498.22720749716984,98.507631854701543,518.13021059602261
-398.99151120468304,-99.285149949221989,427.05770285619593
-436.40311332591529,-234.11197176166866,46.368185024992549
-508.18640120815655,-43.149902237184307,339.20785225522894
-410.94643000087331,-7.2733665042494655,410.08896005885885
-501.40921901990885,255.9323574870447,299.11810164560217
-673.99112355746001,116.96200049617246,542.61237232489702
-215.44114054006678,-194.08085907189556,286.43118649646107
-558.23256659339188,29.093552905915583,365.94235840746455
-559.14167404119019,-84.550777849937433,526.4115405916076
-610.67714278166852,-123.99155666613136,474.0986602099041
-610.05548907231048,-75.203585253100599,479.13441547045983
-343.20359616659647,-113.63333172630391,241.99695052562177
-516.41068892883447,-15.91064171126161,291.84463515059434
-545.95847194500368,-202.29079215345322,66.824716522428901
-736.40592530015317,312.7803651256566,400.05476282337929
-534.59405493405643,-93.190290789941528,524.59314409415754
-456.40512773888247,-269.37726208424868,408.90134309195054
-683.62648862595984,-136.0587040181932,-86.909077914262198
-163.43844830689608,101.58754868275904,278.43132579394148
-344.12218115667906,-37.730691479784603,53.64125065983162
-502.3183341183489,-76.370528225753333,560.0509257167547
-552.77752523095262,-70.460950995572148,42.400574750350067
-340.94008546231288,-72.73388489862775,152.74115828711706
-219.53670654843353,144.58713517395321,377.33005730042788
-567.50512488181903,73.930795605094929,437.74335584207131
-284.83922117011161,-161.16360624577032,401.19340963343399
-665.748914047124,187.9696299439027,531.79091563989766
-305.96774829190855,19.09265573386724,72.844279590937418
-330.83366882530004,-128.91736643103926,414.68921274598114
-747.34066733339296,-176.83425765978402,541.8674424947726
-249.56816331555316,-191.83564217727411,211.83741901010407
-544.59496317846583,325.93872170197375,122.28384398581677
-913.72338877579489,27.722800890919395,295.93034945010942
-570.95762237704685,-151.37291425222563,499.59809257124272
-579.59781364673802,4.0916519668116926,84.099120246714023
-356.5287032681436,215.32322375233738,265.54851554392332
-452.22865566063115,-78.099248847714151,381.07185571980489
-577.32519196740168,174.56132375670674,161.83293273033834
-651.87744340400047,-158.65078643521781,401.40012728424557
-359.12355661989227,181.38012554702237,425.4159196159917
-527.77550443768257,-55.005259853541695,450.94987174488074
-668.70030022030141,-22.731960642177611,132.73566968441912
-517.33986435573718,-143.2161847286919,309.55596885143734
-642.00955085836665,213.32837912643433,95.381247817937549
-664.79115671656882,-65.521268306675637,407.83557849992371
-281.83148389571073,-91.437939746241014,336.38507445110122
-509.13719429038696,-92.281116465133024,283.20756432402874
-229.56631595632575,-219.11080807739077,369.12451264171909
-388.6802386775808,-278.21609012840457,651.41273744301077
-573.23392526234943,-20.91099190835358,474.58887430004899
-775.0707223843051,-104.55528116028887,432.76618246300814
-360.03273024820163,-230.47549777252195,509.59178107100348
-560.50609814604604,4.9996358117462316,-15.910916189451399
-570.98655998910363,218.16936450677701,37.235370565127504
-420.73138140303121,0.50763044652576339,441.79461702761284
-683.85634721115889,-14.705197763036887,257.36003030719746
-483.17522125260075,-83.589531360332572,504.20681509859304
-220.47461392152468,-234.11221734001936,385.9441558894635
-603.0060058435015,-89.013631257504883,469.26055335697458
-371.85198654422601,-154.10491862896527,520.95645058641423
-392.15382571929399,-13.465801105608502,246.45700527491977
-352.758167468333,-222.291607294909,221.84005166621589
-751.87451541665575,-474.96578692612871,222.54947597735196
-448.67716804495967,-149.55908977167377,550.9591477738096
-234.21347410700909,91.108267106023391,320.15468516090345
-405.75649378495564,-31.612738402140867,354.8650885804023
-303.66396945176388,-238.2034730430052,399.12719338121195
-318.6693174013671,-201.38622178431083,403.66718363344239
-455.8799281368718,-60.417275111786715,233.21313769239813
-360.0277692359229,-281.38484817252947,362.76582896289449
-422.3111191926526,-38.63987635239765,365.60440698993227
-407.01428639594343,-267.45753515181377,437.14533030052587
-348.15074786677263,-93.492969842098717,429.94985362520089
-648.31339484650198,130.01389451367632,332.66050859637585
-421.85286735701419,-44.420195298392201,-52.811553418647605
-644.60405491408892,-76.825165924182528,460.49640876442407
-589.59905445949346,211.38285298663592,205.92781161923546
-312.30111828347856,20.001818011431492,197.29066245183108
-674.88235780552566,92.599991177989011,440.18132586857882
-365.03317649894427,97.736161206600372,513.22767846666068
-454.58472476662007,59.104188596801073,407.3144997009843
-395.83518048236067,58.751600134057028,328.77529241616276
-324.39969621537762,-370.2046886099908,451.05525899156896
-603.69124435913659,-280.48004322830246,515.04682327664739
-290.13085339874505,-120.46549404288943,354.13531458453525
-418.67442494772263,-206.38240027523824,-29.548140060923824
-439.68172767115146,55.215176643223124,670.59077886008481
-213.58020090209061,35.082424446674928,233.46813984097219
-322.98203448918474,-222.88619206161772,463.39364202680366
-415.94690426402127,123.19301754705157,509.59178107100263
-415.9468388810979,-120.91685808636734,537.78171901779183
-371.3973997636129,108.64624056732471,286.84425856896183
-473.22483440463759,-7.5551804998210255,368.84267775239607
-575.96196578148636,32.275482087619345,381.85196468530711
-96.31609267580491,-198.49386999936405,260.44623159932831
-235.93053914009406,-245.47686153293071,488.68078916237749
-335.93961178786134,-104.54888952875126,290.03446487510303
-669.6909840301106,37.920845226341633,211.71045549384482
-446.41353885393556,-92.744891182173987,470.48827180899622
-454.31429572136824,-131.47056348298335,221.56912905451233
-549.45431010309244,-187.09863843176555,196.2580452246192
-230.47550226360406,-268.66079161434573,369.5790463418183
-134.55768543010788,62.732980621456342,498.22711645217777
-540.95826893334174,113.19210837374855,258.20529931048958
-537.31906592395171,-342.30146910978658,610.05730809060196
-437.767069103587,23.638513348082121,166.83334899024368
-426.8595829994066,22.272708156141491,418.67160765905913
-260.01382717998081,45.4608495200455,167.33150172273665
-533.22689744063632,-120.40855790715084,475.55382092370951
-143.72355364887414,56.357226856253057,402.24549775068004
-482.552050142393,12.459733476765168,211.0213381798149
-152.85770112379225,-38.280712405690174,252.84511261288989
-527.77525230812682,-66.369669982256355,489.58996271470642
-386.39947192491394,-135.92240008153098,355.94081410445148
-386.83588282605768,-154.08610942254762,481.43629586775938
-322.75661423765484,-83.643967633419422,520.95645058641787
-373.77862403241761,-144.70298406656121,593.52789801104404
-471.86055320157749,-498.68042764681394,233.20391923095869
-287.29886300693795,-135.92146544552901,355.03205830546005
-335.78284829507021,-92.976635333385104,252.59846881417687
-360.9780768362121,-0.40440875634566842,320.65727299617765
-522.96449850681245,79.375119698047385,239.35358803526819
-640.20840137868356,62.65669439957145,572.5547478875659
-638.6944267660682,-140.01272842985549,458.22347486134953
-398.67260660066614,-49.095372306635078,386.85335030453564
-413.21938358032247,-156.38054042334878,428.21672058243132
-662.93972363199396,-119.27166241959942,724.40591557501079
-454.29734808438644,27.335032650137091,332.93489615031689
-508.67569564048182,-133.63704914990524,564.59904300400785
-435.60228079460842,-243.49186572109869,54.029336740542661
-286.02877950100151,-3.9490092225189755,251.41398098705398
-222.2929357214264,12.273843076645941,572.811377878803
-726.07635050668955,10.259875252969993,391.56745985775979
-500.06655275580948,-52.753152934239857,90.435695804961441
-534.58167298375156,-281.3759764003039,271.84536168802362
-473.68281688331314,-455.95393243927487,557.32000155472406
-398.18146533645165,-55.423042189417302,274.60693317277975
-365.32535883036746,-120.11216186866261,373.3918909480746
-554.19608190328756,-36.686988429205549,111.52124071428793
-614.14687723114082,-72.279437788621721,375.94317357700908
-522.98106200347581,186.06239181895702,156.74502030364948
-643.61170769026012,210.11165276212904,205.7817931118721
-260.61005053108283,-235.47631723360402,328.46847308378261
-548.68624420401409,-221.38376216019736,365.03318483312154
-518.68351669308129,220.02000180874896,338.6672074898467
-546.39062828119813,70.522038515516599,373.26626834863686
-466.40603691244019,-76.370579143559638,485.04409491771759
-560.72755533479085,-153.87238668295419,269.36261188912312
-384.58041640148815,-74.097645240476169,321.39285389580556
-174.56132375670126,-477.31611964724027,197.29066278752305
-233.14742441061213,-57.906803178578407,358.9912199577189
-503.2275661410369,-92.281116463293571,-11.364669511777107
-440.03865051404296,-387.30656063284005,194.10902191722701
-453.75196835616401,-74.988236096556719,479.74114374217453
-430.12371894231455,-130.72754428308315,96.974488161896829
-415.48430261746523,-86.364363993992626,152.29013366657176
-552.21345553597564,-158.1431237109004,480.32567517772969
-473.67529105281852,-47.272443877893608,468.68221131069618
-583.34363057156781,-351.04944877072762,406.2942053223004
-402.30930095945303,-176.379671562722,250.02272888332971
-591.27458694853192,-46.027356633058673,391.61975645952737
-370.48822627757096,62.732975649256822,663.242112853403
-362.7602509319006,-136.83062096554102,230.93008455313813
-320.0290935539573,-238.20347304300483,297.29975452313653
-701.43127753001886,192.28641642662896,217.53080421704303
-193.82587209763773,-217.55959581940243,306.95334454597736
-437.31248295299383,-2.2729339030815336,415.03773070278959
-470.49677365564764,-37.729991712620667,385.94512484807024
-563.68760796435834,-110.46458768979114,183.65305936903468
-515.50204975090423,97.280858460192206,380.03353175095657
-651.88288022095207,-215.02387355694421,229.11205656074722
-572.32421452125732,-181.37795636668721,534.59513855453895
-502.59859247697932,-151.65954576700432,641.0930343728761
-620.74903663323903,-137.64730416856759,351.10291522477871
-444.13128466223884,-58.187107918901965,333.6666969724505
-678.69806351865645,183.19847053332794,183.65305932200786
-251.38638180247636,17.729024693660278,418.21987509012433
-513.68306130281655,-27.308918620894282,304.50571925572041
-395.44051703147051,155.06347926995412,522.80811911208434
-419.84635710282208,227.50939114080393,446.37413045073708
-569.19411167897033,-264.65564978063924,725.37282730223399
-375.78380571883423,-69.052486822278681,333.14120334842494
-515.0468214208978,48.186209094129531,260.47822569294078
-568.23412960152814,-65.461315611925698,455.4947196773191
-699.15491543481608,266.3862593487313,240.93029551286753
-454.5867811108738,-51.36830670411257,565.96054137298052
-417.9332755262098,-241.3603354074254,362.97710840750989
-465.04393671824118,46.822474110223311,391.39579703962028
-237.29429948171943,207.29173686083394,265.47884477975879
-281.65029852813268,51.254794406307624,212.63270059239585
-422.90919565158219,-210.77241913949854,285.0376718039534
-407.30978566427456,-188.65354226848029,607.3279070908394
-573.23393035730123,261.84198563505686,79.098099827255126
-599.59996362952086,-52.277479764528167,645.96781526569441
-424.09356750206018,-6.7110389880933576,264.6772811118085
-345.94141661878524,-190.92730330642283,350.03110017428884
-398.67260654784508,3.1821075105454102,483.22574786940351
-705.40823010112183,-160.34947569074239,593.7984877877758
-558.76006892145506,322.30200328109339,112.1371326383442
-373.79102882111397,-59.072652010798102,419.33106594730009
-576.57565938469418,19.09074297695539,404.81048270225205
-801.68274901283576,108.41965584209373,609.88441717923058
-346.39512682970923,-119.55632330211843,390.49004454950216
-521.41176919248915,100.91752127429443,243.65744106639119
-510.04636785161927,123.64760357477084,227.74216866841681
-372.30657332484401,-85.462314755886297,297.03287292094114
-532.77570688242292,103.19119919994948,373.21574688610929
-312.3011182834781,47.731611964723712,105.91871988362132
-436.40330939176187,17.274297662239213,269.11537412491577
-349.58847388145267,-107.74830659351807,363.20586874881292
-363.21483771251803,-95.434433933592061,276.84526872845453
-458.8991578356036,-239.79915637661364,188.6132894451695
-292.28710918494988,-131.82407272181896,344.12828658356727
-567.52582726760829,-63.597660175089047,355.52502185769254
-552.77752522956177,67.27884353123163,674.60678243476241
-354.12185220461282,-58.185872695220795,257.75159107119282
-590.05364124000596,-53.186653331995792,484.58950813727489
-306.39141772328071,-312.30095039082522,419.58378463587616
-333.31775724432589,131.32275766672626,-16.069009495137866
-331.84111437945808,168.23511483757773,421.67584403961882
-282.75294730489031,65.460529094336749,383.67128478965316
-409.1281025547828,-49.095372306572138,352.00466160513349
-330.32714292706333,-377.63599297056163,227.33592745683379
-338.48942205502669,65.173821498436666,318.7252511506328
-395.94824458841686,153.64700693116043,214.56321486882473
-436.40330938907243,65.460496412365046,405.49140831484362
-165.22401633236535,-342.1892377553549,535.85792161453105
-655.97910454921544,173.18274349474828,246.8280259665224
-434.83113917959417,82.198148321217815,240.84893477386959
-683.71309222182038,117.27083941508668,314.56271671732333
-408.15356959940397,205.99317101337806,87.800608048579448
-697.28743350015282,-79.503642587839025,459.62893752280075
-171.83380307665286,5.0004545839427665,109.10082734509807
-640.0581871079147,37.276116010544939,-35.457768888082249
-450.04091281025325,40.458223474862216,470.49731793799197
-575.96145104093807,19.547231566576301,-76.825165924015181
-6.8190694333394433,-56.36902422549084,256.38674383250606
-621.42000244496251,35.003315696661751,287.29900603469207
-569.14313755764556,-11.819806322639941,321.39212464704423
-721.42923662742123,-159.10538900491721,388.67168163786738
-428.22074734066183,234.11219201745553,152.74115828711359
-295.02261752456155,120.92421590077241,152.28964118298015
-263.67449473681489,-107.76239929785159,286.86358678892071
-308.36197603730136,-114.61073231122667,435.33779805215244
-320.48369586047568,79.098099827259304,296.84516774251881
-517.96103813160425,-123.05781953131952,335.76151729067897
-299.11228508548942,-129.09641348759007,311.84882849652985
-525.95690455249598,-269.11537342308236,397.30884719588482
-827.42802189506597,343.54661469318313,309.93541575608197
-546.41331030407048,-227.74797708716477,65.915291299155001
-626.17068279402429,-73.189112509257924,730.71926165301977
-489.82826784249721,-136.77360732116495,421.52039995874941
-493.68105072210864,28.639196311985145,174.10704959415463
-325.02957452969588,-74.552256272475049,482.77113248810241
-410.49188572653293,-37.730726658790594,350.48637902961804
-374.57951093792514,-61.369218617532006,335.93962762912633
-562.15332241580381,331.08885730771976,307.3904748695258
-341.86732976920462,50.267535956882199,236.24902241554409
-504.59257824691355,-115.92088805550489,521.91886589526894
-198.65363700415946,-156.83165318744975,597.78219064698089
-348.66806073279179,-61.369215383217515,523.22938448949685
-112.89858703678902,-30.108732735872749,168.52441252623623
-319.89844527314449,-449.05694694489563,172.74944480923543
-667.78798072551797,100.91826529684482,409.58268933539068
-413.21938559103921,153.19573861044162,144.55859247696955
-447.04130537139264,145.77423191564378,357.03625146871298
-623.23848459518945,-135.92144740430783,136.37602860487149
-394.12673879443219,-39.094463133009548,372.76116010546332
-450.49577179119882,-130.01956292412947,-37.28372357822002
-571.60240709313518,-273.29176125390347,157.27570119413141
-491.16211936207901,-4.1903941971510026,211.66805148211347
-631.42110943395301,-159.5600291291745,70.915506692543886
-475.49832094768584,-35.003839272560882,237.29338523179098
-359.13842940980442,-143.66921693812441,355.45803345718775
-618.94937074839549,-243.79897756400428,480.89701846591089
-426.45207833361769,-85.289602961906212,279.63683165538936
-678.24128911878449,20.779742797402996,531.41420039122647
-500.77671249355643,88.431992297825872,544.01286132640496
-240.98901609670412,32.275661584755767,435.30392533430501
-575.49328731995251,54.290886293991598,458.93662432053276
-506.40967360882973,-37.276116011618285,258.65987816538592
-464.4226118982001,-201.24184883176329,517.37935991497488
-417.24931809444769,-192.56944569494786,499.73774116803042
-620.96552001989789,227.29341194658278,283.20757945761341
-396.09648069701223,-209.87898715381982,497.68348460853514
-566.41512825024233,259.95077360743778,290.9355399923183
-484.90912626602238,4.7101303287502052,475.00438931309122
-461.40601606874367,60.785753438454549,476.07502135933402
-540.25474060207182,-47.187319003120891,486.25308806630045
-517.30381130111016,-287.39967363719524,644.03848337344857
-531.86653332139474,-75.915992363586099,417.31066460555155
-264.42767199147289,124.68817527510356,104.08306417606786
-453.20726773871149,-580.02396484232565,569.15579099329364
-779.82866388130333,36.154607264495766,374.82175899563879
-665.94118105084067,58.235300352911899,661.96168412612747
-556.31156219150671,107.58388372124161,328.10081853830314
-346.35330202838014,-315.44117895844437,517.79421259754736
-420.49277207018446,23.638512592055012,406.85516865168989
-491.40049824299388,-433.66641478404239,393.6768389758256
-370.4843234069096,139.56357775759992,157.74962718548204
-546.86789924469906,-243.65851651508586,713.32801161449868
-342.30608201265835,-241.8421881550812,481.85166940022674
-202.30851727218516,-79.572262906152361,424.58401517915149
-441.07076258407221,-194.57370681034897,456.25452555183722
-282.75297754344359,-158.196199654548,310.02818438036462
-483.46260487225061,-222.98308149136267,588.96554966820156
-589.59905593514441,86.826073648436733,153.65033038622411
-327.13369943811011,-19.44366355430931,155.85800521873634
-610.05545983538002,170.47004248603571,65.460496236268895
-379.579961814706,-14.546776979727062,448.67715246840453
-661.96489077277317,118.03429183115114,502.99015944869882
-86.826076885593238,-114.5558695575136,74.097642558687269
-411.84123027092494,-113.96463333138635,447.49468972053359
-271.83936085407908,40.007171557187007,72.737420760806984
-440.20268053728103,-52.410429037430717,343.4760088139019
-547.69333761278017,2.8615185412487008,296.50342849849994
-420.56434821373705,-124.84009132428339,322.89481863247573
-540.95812994548282,-146.37665178571902,275.47987760483636
-470.12856564166236,-10.086445918090194,344.48677686636341
-502.77297936175779,216.38330757341686,250.04985163041584
-519.93610003210711,-26.714519434215031,154.92729071750841
-579.15677175416295,126.8236398099001,293.34802940908105
-211.60854426603171,-123.61238845933927,409.96204568954118
-409.58268933539119,-89.553595781434694,377.76161469224417
-322.64776841834959,108.3685028743042,413.21637087858824
-396.07901754298246,-211.06491443150821,56.559314632494349
-490.49912943591073,87.182364765336388,408.57522400753237
-614.14673760704352,-113.6466891426268,380.94372816803281
-434.13044910239421,108.19165378668941,352.75919453091046
-521.86467332886764,-75.00440611933189,174.11237897014931
-643.2402945722306,-108.78592618150114,331.19855575416938
-423.2193013284371,225.02314696208583,198.65544381489005
-326.4028867028797,-127.74870906445882,379.57062964412177
-204.30144476327499,34.939021645212904,378.30972454622884
-485.04409491771543,-131.8308667432818,425.03724523790498
-312.75567330271787,5.0004889670589749,3.1821546952799875
-384.12582962055711,-238.65805982315456,446.85880534662965
-185.58702058612428,-441.50061653147429,20.163247798217519
-513.22847531593277,-81.371033730339207,356.85062278388813
-460.03314038329432,-86.818206314646702,518.71696413529196
-251.87024566240831,-87.776436642030646,330.54856586888184
-323.47764156436665,-450.76192393606175,434.97386236301901
-131.37559470953525,-111.98590607115742,178.65259500916756
-801.43650411062617,-316.39233119284796,250.93188660521608
-557.33812872900648,-115.93422168548204,367.29395821448475
-729.15309443009835,-5.4505536484215238,244.1186263934103
-680.06787673670044,94.091986433168458,212.28668572325608
-480.03636920139843,-240.00572155946054,260.48817087344059
-376.8640602321853,-71.841248699299129,412.73859788708677
-513.95421016721991,84.258875551434201,335.13503925725934
-428.43979482327586,-0.42701697358477886,553.01962438547423
-446.85880534593815,-34.548595326848968,106.37330666423883
-363.67238719996334,50.9105068553717,229.10766817069717
-586.87152201561332,-221.38375042442371,63.64216185204031
-223.65670874416901,-222.29294206187484,387.30791806384633
-470.04273115737556,-191.26767724190546,524.5931448313471
-274.11582871170174,12.728429857261792,464.13310300936104
-567.77897955470871,7.7279752704788045,309.57341647017194
-536.49805516271215,-40.625167047712331,215.08064646830758
-558.68714982102892,-119.1017311086658,346.39512682587736
-336.85851837777466,-85.471327695491084,514.57711395580122
-381.85289571782255,-322.75661423769327,342.75843181853685
-431.27895822181512,-202.683758206372,347.49014722877274
-204.52392405693288,-244.06409084542531,409.19763598258356
-557.32339285838987,-182.74388563046014,101.82743903541272
-304.57314104022987,-451.8592570539376,159.10539551395146
-586.41694699517825,144.10400945517242,522.32021092803097
-566.10262357012527,330.40732702329444,405.19999974337867
-641.90928271161056,79.120485186999574,440.75570768399888
-609.59903882959622,-46.850587700574181,345.11880985053233
-706.64556224388218,-170.40985608513265,292.12828707167284
-397.2502891400751,-147.3623711176817,338.26066770553382
-443.22211133438168,-119.10173652149945,359.57814300083419
-175.50875186489947,-123.47338310073502,222.22221814412046
-242.74934084917206,-324.11812522491647,464.13536701732846
-255.64728573730781,-200.1795535949687,100.21923038961519
-478.22529322303762,50.019150838146302,354.12310209009308
-438.72859901251763,118.59990460127145,74.038783094398411
-357.75979898460986,-240.93099531039641,413.21937702817621
-151.43761821870183,150.86144732262693,302.69411005696719
-483.68033457586819,-62.278388944449304,455.49595417764908
-581.87023081135453,155.46997722233138,191.38310557501984
-427.69945057772372,13.138713563423215,301.01203062494062
-563.79282910886877,7.1711990309403788,263.5486474387568
-433.24381103279939,3.8563012405015247,188.92797881221114
-391.4966183798108,-151.53977952351201,511.88150601064791
-361.44082987297577,129.66264460317834,255.81066320752296
-151.83197562603823,115.46506327621007,398.2180310197889
-645.96780710791313,-82.734784348584881,304.57316304934659
-570.50640970503582,-243.20386540129732,632.33021181019546
-485.95311389550693,63.188026778968784,246.84126952764029
-321.39285389580499,-120.92008364396686,311.3919447222458
-414.12855714155478,-13.182731920718403,367.30668817237625
-628.83798476271556,-147.73001334453437,371.95150359061682
-538.2318553911764,-224.56659413610615,561.86863365222393
-320.02909354905188,-124.55677788341656,369.12446586797154
-620.67135361940097,3.9308841393710456,492.15709051748127
-522.32021093264052,55.914174011991967,249.56814255239601
-217.29791724785602,-174.11366809186239,-116.38365406957796
-544.59496317918467,-92.735703246437211,139.55814164895077
-33.117596282834782,-124.91868415042956,355.61164812970026
-526.78442100313691,-59.940337835074438,352.58215598250308
-567.32430220928836,224.56586962451064,164.56041458314115
-475.49819385015468,95.493111043996606,386.42849137258639
-503.13602232739635,-138.42479961207766,550.59211844866707
-383.2166560596375,-213.62909164122581,385.48958996272012
-377.04401470927058,-158.3163336086767,474.92305178999612
-664.66173070485308,254.31683218915634,407.44221325625836
-675.37578512548646,-100.34548507982588,491.59191260109526
-349.57723429402341,-204.10946449676962,528.22983907627668
-616.87426129655864,146.83153013902432,317.75615965079533
-307.30066369669794,-162.74206746067668,378.67078825347522
-674.09551677895502,24.150521686549045,392.82311156067004
-199.09486530950593,32.50655619156506,184.46654104483991
-500.50004545867478,-13.112009560039688,116.37421583780174
-565.50597623446049,-15.002222968177691,211.38201153768915
-548.4779312633741,-12.728429857258448,303.24248044122089
-361.45619410449251,-109.58443451198698,207.10530721378538
-273.66124193108129,-47.731611964722347,-20.910991908357296
-390.94463172447212,-123.64760473572859,450.04091239017703
-551.86835166832759,-159.55995999636451,85.916901536500575
-372.87053938525833,-159.64581741959771,503.77724588209111
-513.68782181691165,145.00842329627616,395.48571698372689
-480.49822711155196,-253.20483680334377,234.1087497047005
-431.28813755936278,-66.31276121338685,235.59408343715722
-458.73313105342839,-280.93463016135831,483.14314401368409
-242.12396539184914,-326.96598507129528,259.63969614795155
-562.29568785650633,-111.53451302651524,187.68434952332311
-361.85107737066841,-107.73706700609139,402.76388762614636
-224.11128533118497,-206.83698944439678,355.03227352944594
-399.40161387051359,157.92613119389137,187.17275714742613
-416.08077102108513,-144.4005729434393,401.92606072395569
-211.15057218976449,-110.09988186939675,462.80536230460854
-523.68397127710546,9.0917356099969968,306.39149012730513
-695.97236345649628,-93.643858433920869,451.85925818314769
-573.23394276377758,-15.910552502211033,442.76750923248233
-387.13754538934268,16.012096179890843,263.82800564192888
-570.62064603514943,-22.901834559997834,496.74864516460485
-561.41312140923753,-139.46853453560098,261.5305240209097
-636.55986092932574,-56.430215884599136,188.85184963313662
-282.28763121038344,-150.45690949989066,20.010371247020203
-470.82452456628971,-174.88657069028221,606.55333104185706
-502.31839258433865,-70.006364219997565,298.20893586303021
-343.22018208994689,-49.557233729314021,416.39119462809111
-462.42947003813623,-212.86132747972181,397.19413210750895
-525.04773011859504,104.10037574788495,387.76252386580467
-322.30202745704145,-229.5663242527018,582.32566592821797
-501.38733342690256,194.67257006915327,328.66624238557904
-651.21090469756916,302.97060298248243,317.68783020488667
-634.60335013793247,52.277221317959508,350.03145282144709
-536.27414864032266,-39.550465982893385,175.46418785076312
-354.03108621340522,-26.019670662474901,668.98940629216713
-508.20781722714099,-10.166160272785275,498.69046640510697
-247.85791283189261,43.445798893712848,416.71010559721481
-485.49868697351849,-249.5681478574505,623.91664885603961
-535.85202973910839,-53.084192453566693,260.09898274172457
-252.18287031127295,-218.53486070593513,225.97640726671301
-735.97926408795342,226.83553729747737,105.91052296070978
-645.05439934123649,-41.361180518152359,392.77230322949788
-470.65281501465392,46.890137689453319,149.98885137419487
-246.84062187473219,-75.006818801716122,248.65896899716284
-383.95646598357109,11.061305487433925,359.7581014665198
-418.22102895126932,-130.46843455236038,562.7767221920742
-324.18711289607069,-14.163314866478697,338.10701191114941
-295.0264728632207,-107.28192094643295,417.76606879432637
-494.69277172251674,-168.47732446132784,514.96274578984787
-430.49368124374723,-83.189380852804234,255.47777070642275
-377.76161469223985,196.38148922629549,182.74388580779814
-532.7757075761067,-47.731612667893486,332.30293612697801
-495.7857160272859,-1.4454441515769205,393.97959355746809
-471.4064915039105,161.85999079048304,328.66624238112979
-385.03498975068283,-61.173123274699996,657.33248728429999
-438.22083730365489,-93.64401734402243,379.58061382990667
-609.14628602599976,-101.82743888184527,-14.54677702726757
-490.49913646964609,-93.644877197755392,574.59769049291401
-527.32066551504249,-260.9328120738237,679.60723702154576
-550.04985031119952,-142.28550245554052,550.50466656290462
-625.0556788478201,150.01483813102661,251.38798564209156
-448.13817693237991,-165.0459971058462,449.7204815207499
-262.29657241566929,-81.371033730339249,703.24956568107382
-435.93328725334419,-337.28795585958403,272.76750372764724
-434.76528720946396,57.510665833736624,210.08345542314873
-656.877897990723,-89.553595781434737,285.02591144649409
-631.45118283059151,-33.216685834917826,173.18391305060166
-396.39950132893028,-237.74869970924397,563.68772717346815
-268.82946450511861,-218.61642149701046,390.36800383568476
-300.02725047726477,-50.913624558272986,443.67672916353666
-376.28433074649547,260.47822487235015,404.35272571694554
-671.87926268981903,-204.56405221026316,763.70579079615186
-438.67624329484431,-473.22483862169406,222.29293572142717
-735.52990527914289,-4.0451258480401879,467.34537657213752
-550.94790292851883,264.64837850625031,400.74159991417571
-472.99826913081165,76.083651715736693,259.62095566169523
-537.77616146367393,-258.65987816341152,114.10128194465511
-614.50775706579429,-59.834768686251969,405.52269393426451
-367.32902365146663,76.154984292278641,246.53291520517297
-284.11215254010847,-256.3543584293314,325.9818035204197
-286.38967178834253,320.48368033457723,461.40558232566389
-435.08534230319145,-108.75824675846249,264.5164988355138
-500.50004545867409,-235.47595235930359,456.40512773888116
-469.5881443767596,-266.38785344122221,133.19392672060684
-490.96344629510708,-149.57123655517211,377.74596943475422
-576.72792981536941,187.43244840082764,348.92581800099566
-541.41285571415244,-110.46458768978943,434.13037548867692
-365.74606532766927,33.155048591618666,612.8840898725017
-498.22733623275877,116.37381263048286,231.83945813647841
-518.67695078329768,-162.28144237455618,499.5986659838328
-310.93750898522899,-123.19320753157712,522.31995486216022
-505.95691674261798,-47.279746053221288,148.19064322788537
-290.4809528144329,-202.28584061513612,376.85244113062862
-585.05329967038779,36.821416873788536,470.04265184715911
-325.03094021099093,16.357815733357508,198.01523684329226
-253.65942504970843,-62.593922431089901,413.81302482692729
-422.31471713278063,141.8286867560044,353.21139228607592
-410.44832382047611,-94.964005208987786,373.25074246162944
-378.21621808840598,-319.57906665521443,354.57085244669537
-593.69033548537857,-287.40276457345107,404.12764796773507
-485.95482803327758,-86.373210682397428,135.01003026600259
-595.93757137999,145.49346780536359,318.23644443962769
-498.90538235213643,-143.64315060546545,479.94922957145394
-500.50897241206115,-245.94032925297316,479.58192110535737
-364.12404243225723,-229.1117530098976,469.58812879474289
-528.09803225064434,-164.57510755809548,527.36236469021014
-419.55706259005643,185.95223758719095,285.95433083883125
-551.48458134355872,-92.008189290680477,296.28281678997132
-292.75388671697141,-207.29157196108659,530.50277297935793
-177.28884444040017,82.280207281666378,-105.46413310301126
-591.41740158197001,-225.02045640512668,561.86907048838248
-63.40216031654397,230.11756202619179,178.3184425597783
-673.56179055946814,-102.88515438903254,318.73417263156028
-366.39618223421036,44.235924187374614,117.73898600609559
-442.14949661988993,50.878067117235332,257.93699458255162
-465.04227694836572,-64.551322847530756,421.85653165649302
-757.87883966832715,-25.000348792187502,617.36775627691134
-583.68942631148229,109.55541412855113,241.84016728793222
-509.82227940656389,182.97793589593542,539.38725408997982
-246.84062760118533,-277.75252858766129,491.86289242755203
-318.66533321210642,5.9096281480153845,323.21120101827262
-502.77297942439003,14.54677691772115,292.75388666561321
-467.3152104736817,-313.21029184471638,554.14128557140896
-297.75417734814374,183.19866874277571,198.654674386811
-134.10236953955209,-313.6641203049187,230.47607291753391
-230.47549777252195,-168.19710882807584,180.01636512284031
-341.39696380826052,59.546285130081998,156.8293838922132
-487.78896519178051,-25.908123868534055,514.49874472732836
-249.11354502898641,-108.6481209717203,305.93691897764614
-585.05318665332868,55.005000454589613,405.94599509046151
-301.39103554879046,34.548595326532926,287.29884534957648
-320.80344721996147,-33.264628977892841,394.41238043863859
-440.94917743587507,84.550291817737204,276.84050016557546
-313.21048233350859,-219.56555992237347,515.046688016183
-508.42403128384132,164.8928724858076,275.70533748936606
-486.09824126958102,19.548848152491818,168.72035626458205
-631.5482994283235,274.7438460551046,360.79927511606843
-370.23969659339423,-365.76319467390499,333.51034572262586
-477.30095544541933,-217.02522484089937,291.37646242876099
-221.83834894080974,-354.12310210019081,303.20938275251478
-521.99184760828666,44.549504500410947,432.18580490557605
-136.37603418496917,-136.83062096558572,309.57359759975554
-276.16426123497018,168.40895551084228,476.11356531332478
-319.24885280628547,-143.19996185911063,420.77826091866353
-531.4119888312398,-117.7380098120295,137.73975071603354
-486.86244082881484,5.4550426658083326,381.85289732085533
-343.66676881906358,-182.74295619996832,250.47872282890981
-422.92458060971205,72.274635799711007,432.74286939496159
-741.58878168036892,310.38581017785356,141.14204579749449
-368.0470905846384,-95.328072556361917,492.81798408248886
-609.14562731918306,19.566926014638131,158.19684431515
-417.3778788097955,9.0305373189646065,93.996043433683965
-550.050004545864,656.66427132293859,432.76661514682939
-635.05773252156553,303.20938267072233,390.9446313297712
-311.85602537036868,-214.56554521942792,-45.46831800731001
-460.01456073780417,-153.16118553539289,377.35296418442647
-587.55667892027498,58.809184261025663,201.8944500995602
-432.32000346754228,-403.67705489699614,609.13963805904177
-476.4065429140685,500.9550313795101,263.66066134265111
-233.35995605680981,-296.91777794932881,230.90494619940253
-651.7855033964812,4.8253973482793455,413.74262727378971
-404.12749363664216,-162.74191312992059,329.12094781349271
-786.88971468721695,165.9239794976794,237.29390540675269
-230.47549758322685,-23.637941399620583,379.12613716111758
-575.72117453147382,119.45214265380932,469.01061922851738
-493.68057714575355,-1.363050381833161,357.7611620697258
-375.94326757570849,-335.03045733506201,345.94054003426214
-655.22419955505188,31.320560496714897,553.91743794367244
-343.93226784113131,2.008196469894207,289.30673886720342
-343.23656280687101,-427.24797269876672,302.4842567586204
-509.13724643789618,-113.19223621898874,456.85961358883901
-435.38018775521232,16.933655153450765,310.59671923632573
-183.35210883218454,178.4459544870582,390.26482194164419
-530.04827771566227,24.547612192289801,593.69024124979546
-670.04904649405364,82.287182423279774,593.24917842011484
-414.56203825282978,158.32735109012219,515.82962107736569
-181.38012546642381,-287.29884535042106,374.12492044674849
-445.49503666168238,-164.09926746976248,311.39195908080882
-584.59859987271113,172.74297663424116,210.0190926447867
-453.26553157039893,118.2756449196477,738.77188448737854
-462.31475588689659,-321.84744067642185,163.19665424129201
-535.79386239690564,45.995049436703162,480.41286110280754
-304.7897251279029,-380.46101815156953,567.17560258544086
-552.86654156389909,-46.620098371986479,-86.601515599166731
-443.67669788162129,-14.092190199109515,568.23347577052152
-479.13217404184837,-224.56336376916161,395.94821809350049
-552.32293894992688,-210.9282667181219,301.39103513397458
-347.45630756840995,25.481579941345011,201.36453026030389
-480.49822711155315,73.188471679245794,136.37603418492336
-105.01169923969503,-166.4004017131044,292.29587168258735
-605.05260986689643,-147.73770534796006,366.40088384090012
-499.57564458318819,-104.61119275230892,346.42131754641667
-424.6115539100399,63.132545267043696,430.46924089324511
-567.4488900522166,-72.459764954006914,102.06273454840041
-647.77606913202942,-152.73106504037611,-30.90180783320379
-608.75972453522456,-70.984497013829071,488.15911104002276
-644.62182930790732,188.25521342223897,131.38325907708128
-495.95412212982529,-170.01538477407567,404.87612471215738
-520.04727829157241,-85.462315386329564,326.39330533218367
-492.31320315392242,44.099197973455027,234.57019435401287
-548.62003060453003,-213.99050913833744,476.58845313808752
-431.04255015519402,202.55713556708636,213.53844329264982
-348.66914710136956,-75.917621884572796,358.6678982801767
-473.42420169573796,10.375457056860588,251.74162328652008
-630.7386460340141,10.550029558647719,357.38557038875928
-581.41649240839683,-169.56087586577075,311.3919447222471
-748.31789382292072,87.843930245743536,-155.05302975480615
-327.76278801091655,-342.76934140343297,606.40256098060638
-582.01291596215401,34.570245477656321,360.69867646411114
-406.83427321525841,32.348617676560018,259.71247934749533
-411.91736939217003,-241.3855805073166,456.77891202497813
-639.72594838905627,-119.62837994403068,611.71483385593422
-380.3194792637363,-13.737454691773198,331.47087948400684
-683.24393126647669,104.55495954177728,435.94872261114216
-583.26593086677963,-71.504569783181353,359.61931468624499
-319.11992002466343,-205.47322486995037,50.004545828540323
-217.29248113464587,-48.186198745340185,223.20210928265936
-304.08078878093403,64.622094287882263,470.94197953247777
-512.98356899778753,-98.778129020461989,284.72117584187777
-633.2393833631445,-38.63987366078878,581.41649636504189
-441.85835078459587,-143.19483589450837,558.68715332696024
-373.21574688607774,-240.93099372670005,344.83973571809548
-242.74934084916575,51.368306015702615,530.04818619852324
-237.84561071229194,-189.83212722433652,288.27572184098653
-336.39421765614856,-112.7375215928722,291.84471315574001
-449.13467447206915,140.46258640021364,268.65591994452819
-464.33269544934933,-102.47403636022804,223.88954682757463
-494.46318770127766,-117.39705418525084,395.18482686200235
-269.07160862196815,-184.97305420768174,-29.849091209722292
-381.8528957179692,103.1911991997484,385.4895899625817
-391.42851459075973,-199.29980795024193,433.53762215291567
-450.95603668563228,-47.27702518410976,-38.645826666547727
-485.4986474679111,190.47186048056389,240.47768095932136
-334.99943116620921,-39.71075339172102,380.24899330461636
-846.42905632658062,61.395486435814959,513.24362085554083
-475.95235930561125,-17.728884444149774,363.66942449280049
-847.72237661601821,139.03077631130071,318.68700087005283
-489.61762184512293,19.973890281380623,335.45939018782451
-384.54469880860717,-14.511420170611238,334.60491362688299
-677.69879039934119,193.83416754206999,303.6639694517666
-182.74388580779654,-4.091281025547401,162.7420674606758
-527.77763834192581,-153.65502305795107,506.85730445582698
-537.87980696784643,74.263791395715003,392.22527900776885
-419.23435869226472,77.163760115517846,338.07218927766962
-484.58956637922,176.37954740587335,232.29366667409343
-524.5931448313446,-144.55859623602188,452.76843343148931
-721.69094380686022,132.10836259371828,259.02302922008965
-244.13984036576824,57.697972803465035,-110.0535581397337
-442.60517069042817,-106.95686164182203,531.93367411547831
-530.65314554729434,50.072908991201402,332.25336237615062
-740.50703916079158,87.749906744422418,145.93303317787809
-364.33268192264819,93.349077783282155,484.91236661115386
-277.34375132818315,-8.1595346668021911,119.68442613679572
-492.74990736131247,251.41316755717668,289.59660594623932
-385.66866443195579,-101.2225424375081,539.34985231873452
-370.94281298299614,-82.7347940721871,376.39785435039391
-395.0359123557281,-205.47322483875499,263.20574597678427
-396.39962515641719,-121.37467046144629,342.75846429599284
-450.95008507457499,-100.46367721950267,336.3942180856705
-357.30520956450266,-236.38512592053692,277.29793744566274
-805.49903808040722,-18.609040901394163,270.96232538015749
-346.39512682971076,-159.55995999636107,369.12446586053403
-535.97777886270637,288.55415092194266,210.22792778263491
-593.69033548542188,56.368760796436121,730.06636966971223
-534.32310953851629,16.043829768815367,357.23653269042393
-193.54129316080335,-248.3193567957785,333.42541106599793
-360.48736941720239,16.365180876741345,490.49901407393844
-357.19796197942043,-85.813741796513384,95.111925443656773
-318.66072174830316,-8.6325000281195212,309.12365962275425
-347.48877364312085,-145.20887286948863,309.24973317452361
-529.13964132343312,-292.75450917828522,445.49473999804479
-557.77797221736569,-149.55904319799453,65.005917560882637
-481.86198745500474,-125.0113646708614,155.9232657498097
-357.78767415440342,-205.95684538286497,400.91132265687475
-530.04818618984905,125.92053824011317,409.12810256830954
-511.86471603347991,40.912809331108591,471.86107721006266
-739.73142588696328,112.63574974368639,236.24943012162146
-431.00667123485027,37.553166394007391,393.452163442889
-448.67716839220981,-143.6494333027286,220.9291674084667
-665.96963360305062,-0.45458678061638935,423.22029275388417
-168.65169560868841,40.908195078623329,317.29947996966314
-512.31930175470268,-78.188926266023671,358.21438312573815
-480.00808255607103,-79.966314432630213,573.74748003041907
-260.93281240926598,-43.185744807905941,596.87244231539637
-580.09665706566227,-90.960786773948925,102.70317404342084
-410.96478483930196,-73.199952581279447,222.27939853336707
-507.01369891903147,49.388751711731601,424.83036381340247
-640.05818710791539,-260.47822529320695,102.28202563868965
-398.67259489919479,85.462326386341914,237.29430756617265
-603.69561020342451,150.00924607321068,358.21113495250722
-380.33643869576196,97.888834082280169,215.17219429498704
-686.61291630449227,-57.460397500493713,654.01132273446763
-329.12082921768263,-169.10628238884883,270.93372121350848
-691.65941391284571,-10.455496083008683,615.49924665733556
-291.3901263751506,-19.092644785972471,276.38876261474451
-482.31631512542299,-418.21955582534252,596.41899708272842
-492.24870625208894,121.6008846554804,370.0922481179291
-401.6557349059027,-28.90234962363801,387.65828491354773
-413.87577756194241,128.00755636050658,161.63347581640741
-719.2035654983282,-7.1268923199541359,225.01657880990797
-310.02818441406134,16.359681549584451,349.12264744315303
-527.77525229566425,5.0004545867786101,272.75206836984643
-558.07491193554279,224.70956118178017,470.37056960065263
-382.76206927902103,-15.455950540956184,271.38830802800084
-320.17926972557643,-445.08551947634578,12.339363323512904
-410.85871444964778,249.64630534455432,32.632959184795034
-456.53950953847556,-41.494051338073568,452.192544968135
-212.01214230119282,-38.332580323511252,304.40784202143976
-518.09144523182113,-56.342151228922866,263.09487087352238
-376.58249308286287,-255.80248301652387,623.26637005563487
-356.39603600327115,-89.099009000817162,360.94190380943326
-541.41285877131224,60.460036595223045,-62.278444636520966
-341.84925911735922,-137.285207746156,193.19938163689096
-819.4004065474968,-44.602490253260221,576.49932442437535
-831.72956843377733,153.77724204961868,234.51533278495609
-554.14128557140043,-165.12110143871391,533.68488044369133
-558.44989304655314,-47.502210488445854,59.028952617979684
-442.3129347551569,-68.188009898871641,472.3156694313401
-521.82277630618955,77.317657166697799,643.27529480315923
-629.86170426439037,-74.248788832657326,421.11034198811484
-428.67533412128,62.277650253136514,279.1162726490781
-375.94326756977637,14.546776979724893,288.20801891080822
-392.30839167196598,144.1657007438844,153.69740255264469
-621.42012910264475,-64.551322847531807,528.22983907627679
-353.03542012924527,-149.38054393768002,410.99646190790531
-272.63387036120668,-249.38266679537466,539.64499497693873
-574.77923123438723,-55.459279075805874,239.65840270749578
-515.50140921901641,-146.8315301391028,290.48095182875716
-371.39740015074489,114.10128155153855,385.03500303594319
-669.59743379917518,146.84027960702494,687.79637329969466
-411.85564441161688,16.365081755906992,-28.639009525120759
-582.78025275328037,128.19350621191634,353.6685153173845
-442.31267873659812,-417.76498616670756,391.84127011389825
-491.86289662695663,178.20273651526222,-223.20210928265507
-287.52907100328343,-74.329139988458593,405.65104550369477
-199.89562067486887,-75.337271468070071,302.84278969304569
-509.12490370169951,23.063748376553434,250.03462766068967
-368.21529229929638,-27.275206836983671,370.03360979335241
-629.1388999713987,-184.339956391068,399.62470900130103
-213.65578689238302,-188.1989271762169,395.03591235292271
-605.05910768098408,242.74250304828107,-0.0026374374863654317
-441.39821693180721,-100.91617852153524,429.94130426182352
-605.50958834725122,-185.4714030576821,825.52959703323404
-460.37167396248412,-131.08311549271971,321.14153834323366
-585.50777343394691,-225.47504318574212,427.76616056005179
-477.86182992886438,195.46812119944465,268.89461809074209
-422.76570597325764,-90.917356123271318,460.04182198382705
-231.38467139884767,-58.187108001895325,187.74434032785874
-300.93644876806707,-132.28475315937689,385.03715454987406
-396.85425736345121,-33.639416690384081,473.67942970215449
-359.57814346758664,-180.01636512410064,430.49459989133334
-590.96281480233324,29.548140738951858,207.74615874099268
-556.87127228474867,-203.65738458154667,285.93424749524905
-551.41374224738604,-195.01769863837777,-66.824216422529673
-485.02192675326137,235.97211141873797,186.97375968397469
-183.42454920482646,-126.67989103783715,298.62448103498161
-193.97490713192155,10.848527990510485,322.57448116495544
-209.11203316031848,17.726378357247388,174.103362851904
-521.41085626378685,155.9235504752703,426.85742050990387
-357.21408575034809,-396.81010993191143,235.08550218715135
-426.4024002544067,-36.362377268332978,364.57859801788737
-399.121991485151,-122.59875049453925,341.59611557641398
-320.93853485196593,88.189548967470017,161.83250653314664
-433.2212152565038,88.644368903967703,318.66530655399191
-532.32112010182459,17.728929180279746,417.31076074034848
-287.54890268421491,63.392110141112376,260.34355245116302
-532.01949596795566,-13.756807115767254,353.00754119875279
-415.96581292086813,-160.13731481459547,267.82162157626874
-75.475901953223783,-371.86685242838678,27.71815920616374
-244.52985348048139,92.802198863489991,244.6181363118462
-541.41285571415256,-26.665613565522094,30.911901081913278
-373.65987097220432,-76.814703454086626,498.69216417235577
-327.2712078916864,150.95588959479315,197.7693066082447
-643.57049173288908,-18.066547935848821,440.6189800372631
-592.32657514318907,-174.5613237567035,427.31154797228112
-452.7684561494176,5.9096029825491501,294.57221369412946
-502.77297936175881,-71.82471133739169,451.85925993271729
-622.78388944453286,-92.281116465173497,385.48958996269789
-315.92129267097209,-39.529211291963136,339.14537691792941
-553.7567243932923,-72.803650059835846,480.32769120114699
-629.1481043731236,-172.74297665696946,70.766896598025212
-445.54111596620845,-242.84897692474556,473.56121760512235
-402.38314438374107,-57.377623134257725,415.81460125805563
-604.69154565046972,-157.46928095455033,213.66711374172669
-442.74297850426115,81.393194157745256,225.71980290309381
-632.78517823502932,-134.10345365746082,512.77321012664299
-517.55304542069427,-46.144977177519863,285.24986188100803
-535.95781438530332,40.45822341240104,641.42194741917422
-590.10764066077729,75.865510369922333,538.41850821620017
-541.40179281432654,-169.89975244808812,489.15992022083282
-567.32431586102314,-74.552246067424235,103.64577654293616
-329.5754159473193,-183.19847258882365,388.67169742665618
-403.39061429428517,-15.400107692445321,382.76075640559884
-530.46486378988936,-155.06772559637909,389.99668412782455
-759.23621619973255,2.6864771949061836,860.87280248929267
-607.17502077914469,-18.643386953910724,111.06084062680009
-395.03258299697234,27.282010309100624,343.67180403306048
-865.07780749969243,-116.38736067913598,453.15395201449491
-601.61496191860533,198.22505284647451,153.68396702797199
-767.45772785640827,200.38964880069375,214.92138277763337
-283.97093814758773,-169.10628238930855,441.63851179226594
-342.44929182121786,-219.1812976926486,216.84756281714098
-484.5895086249061,-74.552232417959502,502.31839082851872
-392.78906637793324,-108.21203217075987,408.14335702031315
-312.15385170819991,-123.50213368623312,384.68278463064775
-108.58655631865292,-268.6011030956326,279.02027668611873
-300.2606551252523,-194.99006209401824,353.9346363002366
-542.78019294915418,-206.36283965972279,461.85692542781436
-514.59223565778473,-139.55814164923927,553.68669879079675
-353.39939210946022,-29.84625697450014,455.86414135458062
-233.67438843999219,103.12898399084055,455.32167867469838
-349.57096842021213,116.39301345923639,273.21491471139831
-606.41876534282972,81.371033729481297,585.9623602138812
-537.00530662688266,-240.35260519399671,475.48299658533864
-412.76479679970612,-60.914628602600281,280.48004364032761
-636.41255734044023,-156.82547510232743,543.24150269238294
-502.58176438198001,-26.785210862627817,514.63216057477314
-652.24065695973457,13.757941700703537,267.90677452789237
-276.02956193382863,-251.63094578524954,190.26428870653481
-395.6222235233576,-218.82724544042594,460.77376414262233
-290.48095281445467,-232.29384489544859,625.96599690856965
-417.31066460586948,117.28338939903556,257.2961178288889
-350.03184154154172,-162.74206746067966,501.86380579960877
-351.85016819710393,-198.65442313430015,253.65942358396123
-513.01938633805719,167.06538503002571,434.38134420682195
-256.84399107824498,-171.38293142432778,255.47196857508683
-145.92236060256261,-212.29203060437862,281.38921316095866
-775.23520161898614,371.56834018805904,208.39397626546884
-620.51095554140909,-115.46504227656987,577.32521138285028
-507.67821794281139,11.370933234900015,337.17009657930964
-657.32797790862253,-18.172542194606429,536.42090760475537
-459.27474612209915,63.497992922896252,54.08500625720643
-363.58547349666128,-67.539250303298374,446.59804869996589
-450.54317972453083,273.60858206662516,371.55034014000842
-429.59306681226093,188.64480936390424,488.67458334500157
-327.30248204381996,-193.65396854259197,549.14083098463288
-395.00806203059346,52.4445817213224,5.4550413673944833
-603.45069378566836,9.4605911294470317,456.27328243390849
-488.68036754392438,9.092299641148438,419.58476338351716
-596.81627539596798,-54.698947897869431,-22.367118920112798
-504.59142530081135,9.0917356122966027,330.02980509434281
-480.04364033093736,-259.56905173197475,397.76343303936369
-389.67917056132126,-54.736604629983688,463.07705832133843
-624.60222553259507,-124.10218018263178,337.75798707552747
-574.14310391904201,35.912355668133884,444.58587144240573
-355.68308680642809,-272.41980245173409,335.4530305248706
-508.22802072915232,35.00318210746606,393.21756523319885
-580.05273206654988,-166.37876170561026,343.66760614601168
-343.21301944255941,-92.640007468499292,349.5772341319776
-341.39467224292923,-213.20120010910117,286.41598610186873
-716.85770306289965,153.19783643192278,365.57181850324423
-425.01006987970669,-196.35320636529318,419.15226971555234
-612.32838867739781,-146.37694095202772,529.5936032477606
-609.10159856158748,-209.95874153307406,385.57481863216043
-388.67169742703499,-75.461405582322868,260.05361493215099
-789.61723793071872,210.47367942540106,518.68351668333128
-558.23253904689386,163.65126787736102,208.20076693131278
-603.54804053524299,0.71275170220375461,417.4762019078396
-411.95406742605729,-75.034726489670021,322.51011179847512
-532.77558400224552,-174.10661508863961,324.12044875524219
-293.07028325606802,-176.67975384241032,437.98435910990514
-480.4985315548513,-228.65744848233192,474.13378289515248
-453.16590450544413,-15.891425757938725,388.35041757462045
-367.03610749541076,73.488143445296913,449.13971744642771
-546.9376150645254,33.202501129290454,318.44711565353572
-475.04318574946905,-57.732521138889439,275.02500226302135
-183.19847728977561,-145.46777032734943,320.93826293742865
-310.68839101616885,-230.02090311111945,264.85482787338515
-333.21211019183659,-115.01045549596509,611.80650722847122
-479.13446677031584,-85.916901536583495,444.58587144231569
-785.205173345562,15.364023882880508,410.94838147334553
-389.58087098827281,6.8188017092448074,273.20665515046323
-529.74563687068655,68.676549510755038,544.65815008339712
-439.58541685607571,-169.5608691699222,443.6766978816226
-386.39876352395265,94.922998786866273,270.02454768614814
-309.57368844091553,-104.10046458496699,417.31042610631647
-325.47392729959563,-322.19183309704204,539.55963660786574
-433.69973847288441,-270.0497027409196,-174.13673074355958
-486.41751675497301,-187.75533632485127,266.82282131536704
-456.40518398372291,-5.0004595471788553,359.1235086828342
-392.76155659926167,-286.84343600918879,612.78482277851163
-330.13988986362222,-333.32256669133773,494.95675276435736
-301.39103554868342,337.75797799799921,360.94190380943422
-360.94230508369503,-96.827512059708496,355.03155090483909
-420.23565661166339,93.78251568700064,-198.37168636705769
-604.01774234080051,70.141018466333591,456.14261783479719
-458.67805772246425,-107.73706375990621,390.49004777762065
-703.95760465422495,-204.16939536677413,138.00617168104429
-371.84260050976877,-302.79761002008337,475.61493784735359
-432.59551869674624,-219.10831518519305,326.32096445605066
-449.00575912420925,-198.5993358466238,538.91864335499702
-426.40249434913363,52.732024715533719,328.66619009070558
-329.57123433963517,56.359090381911066,280.61046697617559
-637.64736330188646,-16.421452677638143,58.028438778294429
-283.20840359436835,-86.372322824416358,475.04259583366769
-338.2125647786134,-575.96145104100344,598.23620329120695
-818.71078941825249,224.56587226450324,150.46822820282563
-589.85276065622418,-132.42243897814021,447.27341176744056
-714.15578259267284,57.278042122721907,124.55683593723597
-440.34118087691877,-246.95188324240436,635.55903076596894
-711.32551130454351,49.665598937377489,420.94131719181712
-323.60626721383085,-20.82259499985777,387.43758588431484
-708.40368816380987,-14.250723928357157,366.21006777050383
-351.8501747887193,55.00499400620027,325.0295436984951
-251.77666727740854,70.987869324038329,211.85132821018524
-410.03727611600868,183.19853079799896,295.48146561025266
-445.0678321368905,-174.90094388810925,678.70905936461452
-506.40761633446766,21.366881628045057,341.8522489258379
-570.50968031249351,68.639365631236643,447.7653174926549
-237.7488862623849,24.088160606221827,235.93053913991992
-407.30975152962998,-135.92144736630894,406.40058833762669
-566.43357617470531,-145.03131161126868,519.57882666946784
-629.60270582393423,-134.10311635756514,331.44026555159667
-407.94856073286229,53.517262517593487,355.39329927078865
-554.67826963181699,-346.59317414864216,340.72999302176169
-527.99608906699598,-50.313717347674547,465.64227865195807
-210.01619174507996,-122.7357645438755,308.21295694242383
-452.19285239050259,-38.519765199802137,389.19517148634577
-625.05011527318334,150.25380676580218,322.78418438704205
