-390.0669949318787,-227.79002663948404,523.31412211857116
-425.22377055582984,-431.12556295379574,40.635925719017273
-569.24582781414927,192.5945398870617,281.22706474433204
-415.49230957895475,104.58176464219117,453.35699425872843
-523.28211289751687,-372.9577717354743,154.81003273684419
-540.95310025729839,40.015696938798257,457.77405675697361
-265.83994444961792,-284.37772415767517,292.83097806058191
-706.72987810836423,-241.12071248355184,786.36740241257633
-718.70170015455813,-29.093553959450695,637.33261230199491
-242.47162639424312,-105.74242511168703,367.34559600438155
-127.27848811469111,43.192235408739919,110.47141955552731
-259.3667366720365,-84.545063904156038,194.05684924713637
-178.01447361512282,-36.177751328418701,210.28975780082749
-615.96508773524454,183.65305936903226,450.4954995908717
-453.22302031623428,-130.46640607745161,565.96054185843195
-618.69471132767558,-0.0059852017748963796,200.46913060211
-391.41457206525911,-67.279015225410902,495.01446787641311
-708.88027675008209,-229.12404486647864,229.16607078329599
-439.47148693266678,-84.363796107508406,468.20589657839366
-219.56536745484246,-7.8386280081909954,427.76623194074892
-615.40658280364175,-183.86152725193094,337.25824663852512
-464.58790227796635,-32.730524051577198,415.94652897348311
-441.48485381203596,-1.8993757945749954,418.60971677692766
-431.96930566121682,-90.272035432216398,504.71772971186238
-235.56113325333925,-64.098232323336518,261.82704069117216
-336.68459602070857,-144.1040094554026,313.08412189621049
-391.85388538073028,-121.82941217730124,419.12877987087506
-715.51959269023894,-159.10537321574012,240.9309937267052
-483.22574045859272,-184.10763764689696,192.74480639933964
-480.30281772337077,149.03853734870859,557.61979815260202
-341.64193194054155,-176.37273492400402,338.66606512634979
-481.58211171426649,-86.324745653661438,530.56113224229171
-590.02679167967733,-254.08045728876314,57.77738929927812
-508.09082639355137,-99.618224236712905,177.84006299093056
-631.42194332870963,10.45460236532753,44.094255235429053
-605.0546127196543,-161.49446223618773,-0.57051633651844813
-649.9791769667446,-307.22074438196688,-127.65896603848607
-337.30338516633191,-123.64759830385974,323.14765930079096
-591.87113019452784,-375.94309593616896,342.30504723942624
-422.76570597326742,-128.64805891447,-15.455950540961823
-518.22890049576222,-100.00905331338657,472.73308163313413
-518.79592677222854,-108.75864774049441,473.11170618087675
-503.07893177617143,64.087320428279369,357.93209348462489
-308.20983725792854,-42.731157377940292,352.7593417583372
-569.59744914660121,78.188634050927917,303.66355092433633
-520.95645058641583,60.726731908427809,370.94281298299461
-275.93346146488824,-40.911136577671819,282.30122360506914
-456.85722713601513,-16.361096884438556,-70.000019344661595
-408.9235026538995,-138.70152249767369,149.49121467320765
-288.2080188712647,-112.28293481225428,370.03363947493011
-309.57444299146204,-135.01319141225386,466.40488269181083
-355.48686244203418,-267.29702700245434,457.31430130011978
-643.69487395500448,-168.65168802236693,331.39376895937221
-387.31058519918849,-111.37640936502409,378.21424547956121
-451.85921085629877,-24.548426021848236,532.77574562698248
-546.05633238032726,-59.152660055216685,495.96616500351729
-235.93052199965751,-233.20300166576186,366.85154408324206
-566.82477492286444,-3.5634601211024606,689.90581777254727
-677.78888989909353,-96.826984271310309,347.7588871715451
-484.58950633048499,-70.460950776191126,555.05046127183482
-390.03545767566459,-194.10855522078253,476.86153301508551
-272.82250864189143,96.372698324857495,233.55194808103528
-323.18948548782737,-345.91285962319006,117.77702460082554
-368.6710289035064,-208.65649803599453,93.189698494163096
-304.7370819447857,-323.43545828331457,499.71448352093574
-541.41285571415153,9.5463223929457559,177.74343122101763
-736.45093674854445,-129.58679758025346,89.962993800250572
-97.281571051912962,-237.29429948200112,333.66669697238581
-259.11446644570395,-97.736159247449066,294.572232600223
-521.86562414764671,63.645565784781063,128.19347213382957
-455.94959071841589,95.010176920437559,326.40484495634075
-421.43014583380727,12.708281430093161,391.83767928903399
-751.91631329679353,254.53675681017444,204.00750480138419
-238.34036340432047,-223.64518541164676,401.79012652270006
-553.43883379797956,-27.481928624783318,417.1039428180751
-724.15692478797678,112.73828770504423,599.43579119969502
-275.02500111825469,-80.461858972471177,383.21665688278449
-839.62178499341212,-36.366943632249971,90.917355149448582
-606.87335212291657,-37.730702791164489,577.77979816346522
-665.51504682243535,-4.5458678061637077,321.39285389046205
-377.76806591694395,-34.555764176077858,373.20891912624364
-461.44553928176128,10.87010344564491,374.53908127754801
-600.30646281182601,-79.665813332835711,535.50095103128115
-345.48595326832759,165.01498832536495,235.02135775575422
-169.93614534943845,-185.39744421840501,263.73530572327331
-465.15120342906778,-160.5882335640292,483.91073911841335
-494.1362810585137,-92.281586254591517,455.04105927162567
-513.22847531609989,181.38012546556487,352.75934175805952
-454.58678061641496,-132.73826752681299,6.3695769945332854
-409.72645265079996,43.456521593445572,159.7020640748143
-200.9273570324556,-173.65149378207664,348.2139115611057
-588.3041877525277,21.272577686112488,222.97398297693545
-397.74990724691179,-361.58961287427002,55.118096722522303
-232.29384486927893,-204.10946446402085,339.12173838404209
-484.96040232661477,-95.46576065155304,484.57190831969956
-570.96099669395721,-135.92144763088695,460.95099534526622
-202.74352897638371,-43.635228368230081,52.279659494147815
-511.41012819346821,106.82772550811598,389.12611627090973
-492.74771127108312,56.401958029511611,-3.4518031809973846
-397.2981962474488,2.283757555871043,186.84315434181912
-325.02928258081744,-33.638163173145301,278.66309674228916
-536.86690039540053,180.92562182229449,256.38703615582438
-453.22282636063153,146.3770226314814,321.84763459035958
-203.19824807005119,-73.53497508584806,294.98758499777432
-585.88686528823939,161.93254733763453,333.79836041414131
-183.65305936903334,44.549504500409149,480.40550213045765
-319.57947063864037,-160.92870489029309,451.39989201568778
-403.21722023752392,45.914519009345952,255.93361165499522
-377.30684192053542,-165.4694032283802,339.12186950119423
-239.56723643797835,-97.406605838197265,107.15762557367236
-592.73124878823137,275.8672010367269,267.79017219835401
-762.34203094111183,-198.19983603824883,248.20438268495909
-517.33381659586587,-79.566029814959904,378.6610316598032
-324.58252592669362,88.539840792375202,173.19179589888768
-406.77008032896009,-60.718774681151942,390.19332251641032
-491.86286817162159,-64.551283349706551,414.6027804224301
-453.25185751372413,-144.08187568956404,492.13562758081338
-408.74190018513076,-5.507222419926924,55.374999465791021
-395.03591235572259,134.1030072794558,632.82710918797318
-376.40555224158601,-218.2091456528963,431.85203955668862
-515.50035622894893,125.01291547715907,137.74105630536332
-517.46127275983622,-193.84264932837866,235.0728465688091
-318.66533321210744,64.950938967541944,171.37925649418696
-498.22711155558949,-20.456868612636232,185.92552978721295
-222.2929357212922,60.914628602769085,489.58996272410735
-311.39194472224409,10.910082729786462,240.4764069457724
-255.61037486349454,-117.30989675393974,430.01036287473028
-542.05516629654539,-131.40404881964182,92.534082205527653
-600.52664725102477,-123.88888597379581,319.78377662521353
-344.14960027189306,63.614878212830362,367.73864184081157
-167.14401851635023,81.046242335207864,333.46899786236793
-387.76351605919558,-74.098761458043924,381.39685173486754
-395.49049913707375,-146.37694335949217,303.38029743816134
-309.57359747060417,-137.73979424923374,450.95008680562887
-417.76675703720451,521.86428448174718,400.03664538146944
-312.75570506409321,-266.84243640963848,-139.55813783704491
-178.42584836553394,6.5945240453750733,531.12357101344401
-564.66257743241931,-123.73065633127534,373.43197679206492
-648.48178358437349,40.757602081884862,408.46692934578635
-458.77552736319285,260.82834005603468,203.58410619802524
-167.80350553467684,-270.22779655703579,409.01038712608698
-375.48868078923346,-193.19938176212142,356.39603600312932
-318.2444578518992,-89.553595781449658,479.52163070949996
-511.97391646802106,-152.48276402102414,325.17318829456036
-468.04754752548018,-132.68619401662767,500.00828827802127
-506.82517025724695,-99.128346250035747,194.86724866768213
-342.94675106637584,-166.62065562565635,500.44497624469187
-852.6896454764078,479.25168893372199,147.94223236336077
-228.83161086987383,-353.553158152913,81.4999320897968
-626.42651803593094,81.365099383831577,8.176627704584968
-502.77275242658754,59.551386778689661,509.59259658791569
-559.59632694532877,185.47140649150009,546.8678970685113
-413.3312514191519,-69.019948003091613,473.18992217464097
-365.03409427218594,-65.916868774461037,300.93463459333111
-478.21036704616824,-163.59153637270671,225.95943193925351
-448.11207148703522,117.38795098177849,319.97347483377615
-474.13401301753652,154.55944488266107,459.58292980729561
-788.25340338519197,-134.58012518709145,442.7675793478362
-470.49832009592802,-136.83190742360122,182.74213736203745
-389.58087098826678,32.276364397148321,348.21347395217907
-442.76752273264304,-166.37876170560898,402.30947422539964
-450.04059431139848,-285.93502130795662,381.85327791641663
-343.21301936539464,-46.822438403496733,333.66669697243447
-505.71493888113264,-223.29848994759547,374.68538463494059
-674.60662698857379,-86.370866532365397,496.40907532550506
-681.22615250490423,-62.873751460715354,592.55533499373826
-482.77116101463736,-108.1916537867087,238.29381434788382
-507.31724882237052,-296.84356902150944,511.4110621536127
-435.03954909614674,-90.627970864425649,431.9816255079383
-893.71761069187789,461.86016910628183,76.370579143556739
-748.24984096193532,7.2733884220306937,331.8483498051076
-691.41993481543113,-62.25871343814174,165.02319949121116
-328.85147917945892,-23.666045637815447,217.89869513582931
-326.84789526320208,-163.19665424129408,592.78116192380833
-489.0561710687046,-264.0325464685987,125.05255120425029
-410.94645414057635,50.913710342946189,255.4777678371573
-345.4859532684772,-68.64260387307867,348.21347395217674
-595.85939602550377,63.386360253288416,414.88547971481262
-653.69579052642871,-50.004545867806172,324.5749613601219
-179.86719785220276,-404.25411616618101,303.84625645121429
-442.21696194064873,-41.4129681053589,297.08385749785094
-357.75979634511981,-250.93190290026121,500.49982441472145
-352.42593598399623,47.849861658700732,260.82688023147415
-215.96871365827323,-88.229828305060593,487.27703601214733
-440.04000363669076,-45.458678061640605,161.83289389944366
-391.47218787511923,23.012768758760391,297.86043776588212
-398.09074407020927,-96.163971021681249,469.17419384087208
-677.91955752595402,4.0814562262305261,607.20236853740766
-442.96145070658628,-98.240182812313051,437.74339657377237
-529.57867003474087,-172.22660160007024,463.77223413805115
-453.22305087185151,138.19435071020195,312.30109324752334
-622.78388787941924,134.55768883766035,430.49368352317362
-376.85244113114567,-193.19938176211841,425.49322665691085
-452.18839835554616,-235.7972141520608,595.32526193290244
-625.0567390801175,-52.731982250629571,621.87480025822435
-304.11855623327438,-315.02863896762523,510.50095463098768
-370.80412541790997,-130.32260027676475,389.36789989073236
-699.15446947413398,52.732065665423924,334.57586433109822
-357.30521458848494,-237.2943040872573,627.78433807430235
-289.70581984800543,-116.40991457401812,216.46406411822778
-619.09491226716011,175.60095361374778,357.03771427509292
-487.79294103384478,45.433837549004174,384.11199532102603
-465.69418806297824,-83.166261566778886,440.13383715924226
-451.85925993271906,-36.821529229929951,257.7507046095094
-800.52454466693848,-80.909117484095589,270.48346504341254
-221.27588019826388,-260.36469050787684,522.40738872498935
-292.29924182084682,-238.20339602953834,293.20858012444825
-449.58632602963843,-127.28429857259687,574.59769069915319
-531.15433748080568,-52.379906651678361,462.06343731980053
-684.15307365290937,182.74392736647616,180.92558546873138
-179.56201350756265,-121.37571559827504,259.56850301578527
-475.95217474508951,-311.39189858217401,206.8371236006945
-212.29197766921558,-264.56944945833038,180.92561945249975
-235.93053913991992,-282.14004350165339,401.55847454543687
-565.50595528771532,-234.5667790001562,46.822438261191365
-261.84154830922552,80.462273199059197,238.65847285356762
-299.49488819460635,-251.19608384129208,448.07508510156356
-604.14583143921823,-99.554504954995195,393.21756523320289
-642.00190683118899,65.409952290070748,398.10387900748293
-457.76888808075824,-232.29384489500987,493.22665696881239
-405.88700132740422,-118.1336491280335,363.62705732661306
-544.74504958826117,-124.9408957972134,319.03171698565018
-537.77616150404754,169.56086913380662,407.76434218092345
-179.35445126074529,-425.24789249428125,540.44701699022994
-269.94180409884029,-219.44359287820461,405.26152330864682
-292.01440503469286,-165.18001806341385,234.19890328363681
-341.39878448158385,-115.47101797828672,574.13403550317128
-377.2989444592219,43.19456859407839,200.02566066539904
-319.55700637861219,-61.806301769075723,230.94758494777685
-424.58405127171062,46.822442132508357,192.74480077769422
-629.60269115373887,57.732521138286444,565.05136830621143
-226.84815964718535,-160.44878146171288,307.40879285772451
-502.3571302237757,113.15439884846081,557.74839675263001
-610.00452263850138,-22.63628329999716,427.75806376497502
-438.29378873973587,168.3542294329639,356.80966040710172
-419.22178361246699,201.28242483241942,462.50030250407588
-517.31948010645203,-67.278538047700621,569.59761796698967
-361.85107737066846,2.7275206836990384,315.0286389671781
-458.67706642410127,-9.5445959946081604,290.93824098746848
-666.99823178195129,127.61946257447188,385.37016951475817
-291.66270734351934,-278.8303963792593,257.99752917612369
-443.67669788162419,216.38294023270927,342.3038458041633
-311.39194472224449,-311.39196875159337,330.48458950813523
-238.65805983931008,-92.281116472979789,518.68099361761608
-571.86918651863391,3.182435282973735,473.68057293104476
-530.95413083187793,15.465637325315859,61.382131095709397
-291.84471440610594,80.461858793702746,325.93872082671351
-535.95781434675519,-277.75252295663148,444.58587144283388
-308.43360006474035,-143.64403259510198,385.59224490573183
-546.86791114602556,-275.0250174192912,601.87288455354405
-485.83654118224416,-98.807259073050659,360.08613896050326
-536.86698790798687,-108.19202224145216,280.93464768369705
-429.58450768251259,-128.53364165918282,585.96236021456366
-469.09624568143818,59.477929514843247,-103.53993770094041
-284.57128792601912,79.092608357122813,396.39969524818321
-522.38829215232113,53.874614053709983,487.10202606966971
-440.49459041730631,323.21120101827569,482.31657423402083
-261.95912219840807,-370.58217182071411,210.78770233012764
-286.27101040393234,-186.95805202028416,168.59463713276995
-674.16835315487549,-129.57406630396696,565.94987035949487
-318.21032800425985,-150.92239273742052,394.58174400232735
-324.1208610703186,-215.47459900179746,299.57234975969203
-204.56405127738623,45.458678061642424,387.76252386580251
-596.87244294935692,-25.456859715937526,368.66987907991313
-676.42512965004971,-310.482771254591,385.48958986730969
-273.92942241121585,-178.31572240261306,366.73382755648282
-345.48442011503028,-163.65119899816949,559.14296503862886
-251.36611967092821,90.500963255186349,200.4982327818139
-424.92634237007206,-83.759862976704156,429.04713851383815
-318.90831467121922,-98.894331289980983,339.37896348271977
-279.11641758420609,-288.66271737846495,218.65609262879289
-327.7570688244374,-128.64805891444854,265.93326666059943
-471.86107827984739,-25.452356929410911,500.95463223929028
-743.24938899534664,-45.913267529776704,127.73888280471689
-688.24438585325652,-217.74703859443792,65.915086964780798
-702.33657605235101,-57.732523507011386,643.24029687652035
-390.9484290230194,-43.644481358551971,473.67412002579704
-451.45681310198756,17.627345689465518,293.22812738158109
-92.281116465130324,-87.280661878351509,210.47367942539773
-417.31066166775145,-128.64805106673825,527.77518085416091
-579.10888836707909,74.208921668547603,151.24645822136199
-610.49165518078189,-100.9702665056697,417.48773367479936
-230.52235267848764,-196.4283485420226,246.33916632887826
-245.72059225961206,13.43399030692191,282.19833529903815
-455.95055068774343,107.28248022547672,200.01926644755034
-604.58258669389545,245.95095833675185,212.31693278865896
-642.78570779161691,5.9096546020838279,117.73798940668469
-147.28611634869503,-361.85107672779787,501.86380661356912
-537.80479094800421,72.707723314601154,445.47524553304999
-480.95281288115035,-93.190288967203458,260.02363947546257
-402.77514278835747,-102.73769147391411,376.83614832560113
-240.02182016546467,-219.56541503772846,496.86335121374447
-485.53778256440518,-278.70700729144016,408.78966259572775
-589.59857879546723,-225.92915120247594,65.006370931277729
-564.79462325635359,-58.389228733826776,414.31683684478293
-355.03764883231804,-148.6543747910068,272.75276181947794
-789.7844192408852,-312.23785874563265,446.30527796692087
-215.01954723156464,-75.006818801710153,404.12764796799479
-494.45543992220354,82.528405867535227,471.70682858874073
-482.37709867712232,37.640680201433241,360.67384357186859
-250.02256962478918,-190.04979567016093,330.45221187847693
-325.99296529540055,-53.238944651864927,373.6192503185647
-159.55995999631836,153.85679918200535,310.09666458981673
-495.95403177750529,-113.19210837348821,521.41118323729654
-436.30122743185291,108.96746739742173,280.57523129081636
-400.9282414910877,33.20850794152561,170.50125085290179
-515.95623736133007,-81.371289817929338,672.33353495570168
-456.40500898072827,-28.63872454870787,381.39841434353008
-493.82063706295014,154.85997639235214,175.1631240838685
-628.23855908091639,-145.01281128565378,509.59215280196992
-395.94711262013305,160.00865091303106,473.67758294482348
-691.42651651606059,42.731105894523516,525.04771510834132
-642.64332941931559,56.463030027666015,463.02169264563821
-723.71632041419741,-154.12040030295219,390.47061723232548
-690.06273297892687,66.369669968931618,556.86880625015431
-466.47447391939113,-111.33908069267147,394.23219162263513
-732.33930357304814,179.2040765102708,144.60704001040881
-777.79798163509236,-97.281571076479509,342.30384580416319
-157.33877718685972,-188.26366170668643,331.44262893020709
-344.12219362545386,-131.83016703647922,343.67271726507715
-624.96874583280726,52.548325644376597,435.85014157355528
-336.70934643061014,216.3977036555851,82.584964178383245
-332.75775808946139,-15.455950540956845,226.38327803400054
-712.36278926223042,369.08621557382889,189.53880033658032
-216.83789435402718,-93.644876806982779,327.30248204381945
-407.30975543230682,80.916446949722626,291.39078028596066
-328.08389815300939,185.14827715009417,165.08686363747555
-419.37058401083391,161.31525994328575,135.40234264962115
-330.54446997637956,-89.87555687473477,608.9417950567381
-505.99420364806491,166.3429362409683,241.5176142675636
-256.84153104827402,-158.65078643513206,438.22165651422637
-501.05587822211464,-430.84484547751936,526.46885554864014
-562.77843440312563,117.28339020782479,332.30293743938893
-202.29420649121559,-83.192130711792345,534.1282851628813
-537.32157468860635,-2.2729339030790969,572.77934357668767
-335.4850440949146,13.183016637876065,190.47186107827605
-544.60262629301042,152.72583156640616,214.5677356465971
-645.93200140651686,-344.12221118133834,327.37411651124785
-486.40785525706553,-128.19347213117183,433.67578871145935
-681.47799486616714,266.31391177886064,308.60990091932513
-530.26347988482917,-85.249932610544178,604.26103515694695
-445.04041740794116,-49.095297592425283,368.66993903633301
-364.26328780673907,142.12977098792214,284.29684670439627
-405.03682152922596,-169.5608691699226,273.66124193108243
-456.21405205538395,39.549117993989988,408.14642549956324
-647.60048001489668,-215.288451648631,382.03857808151781
-424.5840530957334,-88.189835439584741,435.49413583052745
-512.43456067933926,161.87805983462752,395.41613566154331
-571.96608182936188,290.29611173463525,267.4597146544549
-400.99396436771679,-44.14279535775286,330.90428045181824
-274.92980114334785,75.156669211859281,59.717286811478516
-502.12817615365185,-248.20438989374068,529.39263767845989
-602.86035831764366,-129.63956223972497,415.88144030005776
-500.04545867805768,-196.83607600691019,475.95235930538786
-339.57632249717909,-14.546776994539069,369.57905438779636
-655.06311120133114,-112.28294223836195,510.49384139220336
-579.14356009697417,-380.48885413343748,321.84743943571044
-626.42192859385386,94.55200590355885,-49.098045711182507
-404.95808735840501,-114.10130170444728,429.74200111205067
-279.11571470297446,125.46822583214907,247.29634584633871
-584.56159466252495,-20.198060087174007,87.054001250535819
-524.13855805073069,-60.005455041366687,216.83789435402872
-477.7012646027685,-161.2041782123087,484.81002612919787
-427.31157377923955,-185.47140649110838,150.0136376040065
-522.94539809980438,-49.573658151409894,-56.718681955573061
-345.94045243409687,-240.93165127299059,521.86494171662684
-514.91003642478324,-154.29958874519272,464.53960945167552
-549.59541776524713,-59.55086826075074,386.39876352395453
-411.44880652145923,55.985185708697749,287.41961992544424
-335.8616368811891,9.1557268233583375,262.0987389480382
-677.33430311846166,79.55268660787435,505.95508682607323
-466.85598548420501,164.561749670328,250.93617971228821
-549.45521855169045,41.973724080582336,352.04586093418226
-431.40285480497738,-122.73843076643324,506.40967360669055
-319.57450678584149,-50.913719454038755,378.21620144785862
-576.87062829695208,-55.00500410755739,457.76888542972137
-449.82388086319423,-155.47045186038306,383.97047465281133
-548.23502482392871,-151.38999595435737,432.65327994635982
-702.33657605236579,-61.823802163830614,316.84698608964209
-903.71851986543811,83.189380852807375,437.76706973361178
-410.94644967723946,-489.58996272388447,285.4804982271063
-198.66150228747063,-111.37772402230065,284.11161493610058
-637.33066617380507,-44.094917312872504,600.50913739774842
-410.94644972445536,-5.0004546279307087,549.59541772366538
-580.96190562778338,26.366033275752336,499.13628511682577
-470.04271972379206,-247.74978227949751,448.22258479596866
-335.48528195709224,-335.93989789500978,508.68227450272616
-411.54029395452051,14.209572960043104,326.86630250597995
-724.61160136285764,-116.82880261841819,523.68342514936182
-363.21483771251673,-108.1916537867078,520.04727702518244
-140.01404894238195,-460.0431443353088,420.03686293808403
-518.51918745652233,-157.56464293733521,153.81887464507213
-485.49868169833445,16.36512410219111,335.93963087553118
-354.57768888080466,156.37420986801746,646.42058070453152
-344.12620435861157,-21.829565247631475,369.5634737170061
-319.12013005839589,-204.88075159339155,64.096430974787012
-439.81708462240749,-142.74450734755524,285.93059448967972
-477.77070305610317,-185.92599014558192,550.05000699805157
-542.78783910347647,-40.284474108087643,240.636698722571
-375.03361659349969,140.24060312039046,288.20922712260659
-375.94326756977699,167.28793526684277,164.56041458314201
-621.09033625661016,6.6599265561224987,774.52516145433162
-543.2312026536008,130.42688887251967,310.02818499718336
-399.04998573499654,-109.23805896595371,329.0418798901311
-511.44860762488241,306.16101510010014,183.13088031797307
-546.87731639227934,111.36427164693029,13.63092554894016
-510.95554141285271,112.28293481225502,273.20665515046591
-500.09453151573467,-34.828730066469539,444.04846954558661
-529.1390126375087,-84.098554414035561,593.69021759402597
-680.52236430968424,75.000362953254012,492.30916253624002
-500.5000568071913,35.457760976563272,372.30655518387101
-430.9481479898941,19.092884854820394,291.84487320170405
-295.02682110908182,-258.20529189075535,307.75516479099724
-383.21665472930044,249.56814312856162,173.65215190590547
-409.12810255477439,-63.187562505680631,381.39830893717493
-315.03254634969915,140.4623224447034,379.11864565512354
-501.3586406179046,15.139356936258029,570.58419360075436
-214.56350566629547,-102.27903379218979,198.65957854434703
-366.74025966434954,210.00874615487646,182.74555937373131
-466.85891322715082,-242.29304360259437,550.50630179364305
-391.94303110674224,-206.70222908795819,11.980389459050219
-533.70064657011562,-13.014405307551524,430.54315485369261
-308.21170564897852,-71.851020644034534,299.14583305451254
-258.79743395367541,-28.755914823030754,162.89884555055903
-316.84698608964305,-100.00909173561202,336.39421765614844
-717.33793981270446,-1.8183471224644217,624.60223656695791
-486.86244000352406,-103.64578337538522,187.28975729308789
-415.86642863952596,98.747614858696721,268.9191035609536
-560.50550050416189,-18.183471228753977,302.30020910683282
-471.51416541413653,-75.309195932572763,291.67870657492222
-269.30212391804116,-169.22606924017703,139.60590741162358
-756.8869897263354,-105.46413310301148,454.58678061641967
-484.69777535118504,-23.502125296726277,522.97784331543915
-549.1431789428899,145.01123909775379,379.57795170731833
-711.85720712443219,-3.6036121989094805,460.99551557726704
-422.38412285843697,-56.897363845824309,298.16088079174756
-605.05500500045002,30.457314301299945,417.31066460586919
-427.76616056004667,-56.368760869756279,423.67254163606674
-484.89376397431084,277.00523866136507,249.46812432659266
-402.85722364112695,322.28327300158941,211.79326969519101
-452.76833750417711,172.74280723283516,205.01873913814288
-455.95054954779528,-262.296617510695,300.48184480839478
-746.35817798999369,75.072280194668934,422.36349018174542
-468.11723476407485,19.995594881913348,266.15660359144368
-373.67033366571644,200.47277032334566,359.57814346923266
-736.88517137921247,-217.29248113464712,781.8892626602435
-442.34518339413353,-78.220628728884492,505.93143040864192
-439.08614543020445,-246.78289024344016,114.18112784655737
-355.94144922265605,-264.56950626934076,133.19392672060701
-826.43386227895974,-44.09001283810354,87.740153538952342
-614.46520354572476,15.429887886087599,283.48105072529597
-386.85335030460521,-34.094008546266146,355.0311892891288
-679.16173370749857,10.900999268156282,270.92659742024341
-242.74933448745335,112.28294134388359,90.917363209354463
-564.59678152559002,56.823347577052424,379.12537503409305
-478.60486803858845,-71.827352019331144,408.15991949926865
-481.71633155410581,-336.72440781904965,365.82126960453928
-307.74201729283573,-79.017914619456675,241.11406929257234
-661.87842620902552,-273.20672878198872,445.49497137256884
-409.39701897789593,-278.92719892076656,247.36989712255109
-533.6837260047912,48.640785525952893,366.85384083523007
-643.23840570943389,-187.28597588836593,79.554499916156999
-554.59571276478664,-24.547526566042212,386.39888299637204
-600.62610555811455,-147.89741519078243,538.28770560478836
-380.48913263309583,57.698218002531377,245.02227932364926
-431.55790674575047,-31.067087964672922,572.19981412724803
-277.2517477525476,-81.298031984272185,484.67715624812047
-724.56500880859824,87.319549579134346,180.48217558999158
-653.93491429605342,-190.4355705669328,194.06188121628847
-196.40122293569257,-231.19767123437609,160.05411010682516
-495.95417765255814,-111.37376125106057,355.03227566136962
-145.92235658042577,-276.38876261712647,374.124920445074
-151.83198941532913,-378.21620613788298,484.13491761958409
-817.34726321609799,-68.642769726146724,665.51440710346048
-239.56722921487236,-187.28974955146217,331.87931406115933
-782.35042111499467,-24.547686146967614,648.84269648626446
-391.32158606461252,100.16565823347844,288.22703479688118
-553.68669879079732,-19.092532200707861,192.74502015172254
-402.14521261355713,-75.763005983465021,419.80134572141264
-625.51141107811986,-144.10401477500943,490.49913305535335
-290.48094462361524,-72.279289804303971,323.21120669253332
-150.04023175439613,-15.171645230692276,172.12360174542931
-405.93996641837055,97.679717576742988,447.44795503987331
-426.63223934545442,-127.70931134831747,517.18790533823267
-322.75664316183457,-57.732550404560946,311.39192259589049
-263.27377916282103,-292.66710214774503,350.05057245795291
-546.86789682971028,-130.46611548580381,608.23740308544268
-270.16044473013284,-88.238027970163174,264.6609954858809
-515.50140931918156,-46.375194794155526,516.4032396264106
-582.32546943278635,117.28360145691785,444.13156739725554
-543.23120283661967,-97.736157832529287,298.20892808436997
-381.85015976175993,50.9137194290388,145.47324170931151
-338.71918188182116,-80.548837799012063,259.50806968558305
-506.8642603942526,-100.46367852272179,460.04182197618468
-467.20070570255569,-195.3746458782384,371.91759260995701
-403.82576454883196,-16.941873571968845,474.85994171041136
-242.28717522831758,-187.26884172547875,96.437965302797025
-207.25616725149658,-110.01000090917239,252.36647266128452
-670.02824160200112,256.88683264709169,223.72554216668684
-493.2307698519673,-20.25990823209861,121.75354191405322
-557.88664334879127,-116.37431506586225,408.43785880283423
-543.23093191155283,75.461720226454233,208.65558632272516
-477.39712348463098,6.7143408543221526,378.51464473610861
-376.22073009731895,-67.547711638753213,314.19439979973981
-690.9719065369535,57.732521138285307,383.67124284025647
-533.23029366311187,-65.460496408817576,594.59950904623565
-566.92712377374892,-52.788822587051463,382.72097029131669
-397.28932542850248,-135.44533765701263,480.98434754102885
-416.24859872701705,13.368207018175672,-15.565310231465901
-522.32019969264718,-245.93143233135447,621.42015066146064
-363.97697620868894,-197.58392066059611,559.09797579149449
-362.75558804531732,-243.6538515238183,295.03148350663764
-60.602382569049418,-49.308040830983238,506.83018644901074
-596.01025077183681,-81.35746725077982,244.95519429656818
-453.21348086566741,-188.64380112106306,150.92662691125889
-249.5666536641518,-178.196299565549,305.48411469794007
-363.98762704015309,-138.2974034855869,328.02681928551954
-519.0642886089347,-17.104946791272788,412.13137070331675
-446.95476337326329,-68.613296989980768,481.27662624528779
-438.67624329484124,-147.7407035973032,471.86095874936126
-427.31157377943151,152.74115828711615,290.02636603327193
-388.56996025134669,-252.96782337235589,417.3864721695013
-488.87796669215879,-60.723912539476466,424.47950372396764
-441.59061195010912,-378.64888540802997,475.36642906385907
-452.44948928134664,322.04502050060364,356.00576619688121
-420.49277207018702,67.278843531228034,426.40211971250221
-577.12591640399216,-273.7538325390795,108.52928900476469
-775.97963578848658,-70.006365491187537,573.68851625435627
-381.01654644581799,181.76787851354268,542.8025808420532
-600.97460032585013,113.18115197695693,462.31843357664013
-363.67050267131594,-84.665992576746007,432.31120283089905
-610.05546045017923,-23.183926723693464,663.69669908358026
-385.04265488836683,-190.22415509810824,219.55627697842351
-484.58950813708282,-45.497387263114859,112.26358021153109
-356.38244942177181,-114.25488617518138,342.29012354483308
-419.12847402874576,-68.188017092461919,300.02835060601291
-363.21455449632759,-128.19317623153023,34.998048123365294
-503.68215292299152,35.457768888082455,86.371488353982144
-228.19704282173848,-23.633065725427926,270.93765334074072
-361.40407215731688,-255.96363145202056,154.99608596793661
-377.73270236545147,-122.70934538845587,165.9489551050944
-234.11207422317435,-77.734219509748911,293.20851930647444
-270.02454768615024,-200.92735703245793,228.65715065005918
-628.23893080721746,193.19938176746368,260.93281208098614
-99.099895068429475,-125.92599501925527,245.01133344778574
-257.09184687620393,321.88955883562403,446.64371168347162
-509.13719871226425,-3.6366986107958956,404.58223190380943
-602.98210603541327,51.427137552191695,435.85497783374137
-555.05049097966878,56.843308238597324,249.55764322760348
-499.63087115337356,241.27222737272049,276.54756271612104
-564.76977125413157,-98.03858705983933,292.07172243205821
-509.5917810710032,-57.73252113828223,300.48186198745157
-387.70637817751492,-54.63117025660533,397.47410803382633
-355.486862444574,-246.84062187547556,277.75252295534835
-340.81362797300926,-164.96287976522171,269.8560290702639
-307.59102957431645,33.349055887998283,213.36542101209545
-415.94690426402371,-57.732521138325247,395.94508591685923
-661.30443429554305,114.36776005352267,279.79855176870598
-304.57326946839214,-1.8184722397091486,245.47676384774704
-664.65866652939326,32.221790741937639,380.91463198834481
-388.21711086816714,29.548140519644861,267.2970274712597
-378.10430081881543,249.71734701629975,152.48581929584284
-470.89668357772558,-121.36144907125542,424.76553547291911
-405.03716425874364,-208.76394030037346,541.03738436855781
-388.61496896271484,14.604345865738411,223.69913735880266
-363.21483771251945,-52.277479770894189,412.76479679970225
-165.46772237205258,-153.64841225567267,325.03057072749107
-442.76752432039046,-123.19301754704925,451.40467315210242
-385.1634803243374,-212.06602643831545,379.57313219133232
-349.81540143129229,107.4988998688256,479.35088641305458
-327.30248326488959,-130.3859190006709,441.21671354278521
-527.77302351428386,42.73337404638356,524.59482853032489
-580.06917410922563,-59.981508461475826,491.10780859946959
-384.45449129816745,-103.09023121780891,592.9325785813445
-604.57373348850876,-190.27798797498272,450.26171282468187
-381.39830893717277,75.461405582325042,360.94190380943508
-613.69215383216397,-270.47957221252989,388.67169742703663
-670.51545588943873,-0.46288977491400696,262.75122120156607
-435.43914549174781,-130.80097913033242,303.75934924471369
-470.05363285989534,-73.199481323711638,543.74429017489877
-610.24614799454378,222.08321826510354,49.203601501399376
-526.41785182336616,140.92190199211691,300.92207128896752
-385.48958996272023,-27.275206837461262,364.57859795239068
-731.98433267411201,58.907360883388925,289.72214431335459
-636.87842969099779,-126.94622950127778,431.85569841857773
-528.23263056882399,-288.64891800927717,692.34706890933796
-334.27861272010017,-109.88895851601269,325.48453214933011
-382.30359660573509,228.20633431100268,331.39454452040212
-330.8150837065977,-319.18200871335267,508.73375525403532
-575.60969247095932,277.34661127962903,296.08025332494447
-802.80025456859448,14.09219019910968,326.39330846085562
-618.2380237258028,141.8310729006661,697.79070467774977
-263.38410470547257,161.21025293149296,233.9955627563285
-373.2157468859881,-1.818347122371087,320.93826711533086
-418.24299857790714,-34.5691161918026,409.54673876577476
-365.48773648525901,-47.731588544569703,301.39108238955367
-301.8837582338586,-109.6316859376728,371.73497865524399
-396.076114677644,-217.97877556431544,198.74492782447604
-539.59285101550347,-150.01187877332933,76.3729431348563
-278.20710973724539,6.6970436823069655,188.40999790192834
-360.82193665409068,-35.457768888081134,285.03433872674418
-533.23053835301607,13.637603418376052,225.47488005906251
-325.93877393822601,-75.916050403224673,8.1824745840482542
-478.9782313207844,-80.608924246756089,139.09891277314387
-522.77479770910145,-242.29483745546815,595.96310725517071
-461.71519993675156,-68.342825898008286,256.83169141225693
-354.55882186340591,-104.50189605620918,47.315937996723633
-440.86009844511108,-174.10671144683349,505.1052993178796
-536.45554883848922,-110.14065092985953,329.93052034015216
-493.70162386348466,-213.36790591900908,95.038173197790059
-212.88572133165442,-162.83917984638228,129.15802832056312
-302.75374175574092,-50.002758632452952,315.02979307419099
-276.38589862925932,144.56280637184517,362.76658034201597
-268.20620048816414,-178.65260478225179,315.93781267944803
-681.88017228482181,-100.00909492407966,290.48095061004102
-319.88145157449969,-375.94919955012108,376.34340924492017
-718.97492469597819,-61.703291113065944,92.829925575665001
-665.51504682243535,199.10900990999332,437.31248295299457
-622.41534388820241,-22.886413625332768,479.09181998099234
-345.61464556340263,41.961116493782285,304.11369128276664
-441.40376398089745,94.554044612353835,236.83971269879319
-594.57960663361246,46.842143762562195,290.95179651574222
-322.6524797956049,-27.167550260877157,185.63893934655729
-622.35077188813261,-291.35013639213622,572.56675823152182
-508.68260750977186,-2.7275206836980677,207.29157196108611
-429.51321006506981,-68.519695507476996,231.01009585446522
-235.93053913992026,-154.10491862896512,393.672152013816
-456.85971451949814,-22.726251185822999,346.90921547954815
-465.04106922578671,-90.006842720075781,328.6679721344924
-519.60730617343597,-120.97914033264544,565.3257237619556
-729.57824612700881,-304.07763634967279,223.67558291543753
-511.05506280232834,131.58765328539741,512.27338006513503
-341.40400963826499,45.449340666306874,312.49991043715301
-397.32048537524929,-217.75882169527733,365.94504828020109
-389.12628420765265,-211.83743976725003,417.76525138648418
-537.32157404010309,-17.274297663424324,223.65669692794432
-676.42512955713187,47.277025184301714,547.77707064306981
-235.93051763668734,-185.01679763602613,348.66808193403807
-676.34392890872539,-127.0031923412588,390.79420099924329
-497.31793822658062,-46.367851991342086,438.22165626652418
-355.48686244192032,65.460496406250343,344.57677970664082
-403.21847440676225,63.187562505682742,307.75525047731287
-568.28666525889912,-0.16041767495942658,488.52037148768079
-795.0896753712982,63.625160138804368,456.39312343107116
-729.6117831806821,-158.6507865807956,397.76343260236973
-626.87517047015012,351.39558141641919,364.12401127326643
-359.12355668696978,-158.19619965451224,-12.728429857261505
-482.31658097487048,-355.94135851844408,289.11728360792335
-432.76663871303947,-305.93690335484888,576.4160221108101
-680.33318180289984,38.363493492245297,306.89075203366099
-470.49731793799253,-116.37421583780228,380.0345485953257
-581.41649240831282,-160.46913355750451,358.66896990646956
-462.30059343667756,-294.73840591586759,245.46707910102035
-330.02999888411387,-355.03227309915235,309.57360101614125
-344.57356729938823,-224.62855359235513,282.75817264752817
-409.38347669423064,-299.38430255916927,358.53485563542966
-440.74305545415012,-215.26801226840723,23.821237414296405
-240.93099372669749,-458.67806164196736,38.639876352392911
-256.62646614362245,104.26322922999657,415.73098981157722
-616.02032715057669,-51.413374951065947,565.8345165894134
-345.52711858909345,0.54730883842216549,234.70387847483846
-613.4524215553588,3.6409762978282463,234.54156808870817
-222.29294711399615,-34.548607637377998,405.49139275980764
-478.22745319111368,102.27965748505258,360.48435026547725
-525.27397334321802,-5.7019341224690825,422.51247271461665
-395.49049913720665,24.547686152366918,438.67624329356431
-257.75070460950786,-51.822892915199844,289.57177933801819
-284.11673788525854,-151.37739794526689,490.49913628511479
-407.80810302190793,-90.518031251833293,171.81416720655571
-407.22692762333259,-111.21785666202697,617.87112830990498
-329.59633753660762,144.99053203460264,274.08723905557338
-461.8606597973241,140.92080989924531,280.93290830195417
-545.54858705672177,12.707341743863983,487.46547565483797
-537.32157468860146,-115.91962905718347,534.13610433147005
-135.8406106802704,-293.74651265938365,385.58423915171971
-370.6805133996582,-42.149510317178958,320.60794832930821
-439.96747454424445,13.197070039487272,480.12502020150794
-365.94235839621325,-47.731611964721758,459.13264870192427
-421.26238454753599,-13.871131477936139,285.57310554374305
-451.33429211653112,-15.500002100610587,265.39652395563121
-574.14296819026276,107.35610065746792,486.40805172449728
-395.9450859169591,-111.8283480317061,197.74524956814207
-558.68715337757851,65.914100311138895,388.6716974270368
-433.00139749929843,268.87316418082236,282.8501106006006
-317.75615994938687,-290.93553989302501,563.2330208852278
-341.51342129228391,199.96265372312246,374.4367033606415
-513.22847531593777,40.458223474858734,609.60087322741435
-232.29771255309421,-32.734116163164423,230.01801213039917
-311.95829325557679,61.707383671410057,253.61285618698594
-458.20727732951281,18.184668093116951,308.13320588846847
-512.52925094921045,-177.89306213565413,351.69096376147587
-538.64864181229154,54.125511242132148,517.34057657506514
-374.12492044730948,-86.371488317119898,419.58359850895096
-517.3233773575439,-365.0368058512654,632.32659082187411
-539.58388377798269,-54.535913141183173,377.78247506063121
-650.05909628147538,-66.370815522994647,504.59018093122563
-487.54437994155649,-237.85106307410692,555.23047786286486
-644.34485844992503,68.249076050040216,471.47159059757774
-246.0342163024593,-260.28180299619157,467.77412289464081
-229.11177904433134,-290.93557795305628,440.94914027399443
-410.70393165844354,-130.49943423271179,353.22281253658127
-269.22132560702624,277.55273341691799,299.7579250930545
-370.18358692575492,-173.22708534737592,430.09394994902635
-315.01077618976177,-233.11487398628788,486.9462991627027
-619.60178198027938,-67.278843531228475,83.190355084110806
-583.68942631147968,28.638967178834221,503.22756614237437
-554.36478396143286,36.623014947685341,381.08874672741985
-618.5616712469681,-173.79927473246374,721.64107041239129
-464.41843299635457,-145.33578936293972,518.27918900489351
-658.98793001987622,149.91170398630612,496.89740942787358
-518.68033362925667,37.277487232794613,426.40475499331137
-337.75797801925603,-192.52409551535939,101.82743883681623
-430.33335332550746,-56.621425439643779,147.70190941342136
-426.79448404705118,-105.42510955862561,242.28749077700652
-591.41306882985486,-24.997910906449679,571.87306827530892
-261.8419804316776,-184.56222628765605,17.274307036881488
-509.13719429038622,167.74252204746102,511.54335291272866
-170.92462951177205,-147.74070370033704,375.94326756977819
-328.21165560505347,125.01136466951733,188.65351395581251
-328.21302114287982,28.637151460603373,469.58535327274484
-377.30702623021574,-124.10218924142644,568.68806297151798
-309.57359429281962,-97.281567661228692,370.48822883953733
-537.15823014887849,133.57307103671988,338.25805284660839
-409.12812418200986,-116.37424025565001,470.95187262658192
-358.21421955582497,-67.29051509801441,376.85070383775781
-648.22461530185637,219.33205690992855,378.4189529171677
-536.4120110681564,-49.095079762162975,622.78406009539765
-243.20273050578868,-233.65659675294327,364.12516659839167
-413.21938845932311,-198.19984167757991,385.03499681567587
-451.81447458145743,-92.951742591039761,563.17563787084305
-443.22211118858274,-80.007273459853891,401.40012727976529
-356.85062395607008,194.10855419306023,134.55768597900723
-490.99129651374614,20.871986886080307,319.51972279336218
-477.35999328979727,236.02133319450473,234.31950792746102
-459.68567513857761,160.91746926483765,320.17603680265017
-581.92551234407131,-13.237887007026,539.08505144192065
-596.9209872594007,-157.94975305682672,558.58773760036274
-415.94690441766892,-18.638058158057703,419.12901161331479
-372.30657332484492,-70.460950995544948,269.56996090553258
-624.75990939166263,96.548953201420474,361.74231023202447
-460.38608445272303,-119.63510101100357,608.21988928047108
-577.77982348950525,-82.734830061823885,245.02225209210604
-449.13105967394966,-255.93180586384796,394.58221098534057
-215.92872079284308,-267.29702700249277,406.40058187102244
-615.96508773525079,-187.28975361397451,362.76025093189753
-306.92763526769335,-263.83664111691587,387.09142578373394
-319.11992076466817,-304.11855699660924,402.84701969124859
-329.83769874921904,-119.06840181996184,356.42834214916178
-405.96308299843787,-259.58101326757162,464.11772389218135
-515.95599599963464,328.66624238566726,65.005909711248165
-118.64714294834296,129.10265564373174,375.9432828701386
-470.41986277991663,-223.0471989941199,417.01098811860908
-234.10306108466696,-162.74203428821539,361.83403069460132
-640.96736066914877,-56.823355823019284,425.49322665696513
-702.7911628329847,185.92599327211522,318.66533321210687
-505.5005002341004,-277.75252316216898,663.69669948598414
-447.7679752792568,-34.548591911393402,442.76752760512784
-532.32112018326359,-9.0917358945304372,247.74979539174197
-600.90388254599111,-81.346101486802027,483.32356923959378
-327.79975403245572,206.79007534093682,504.00322491804263
-837.21447342613089,98.780336759752146,436.50395667345765
-139.01519961907852,-361.06271330458674,602.8045648062938
-337.30348185782634,110.46449050528946,206.83695204280477
-393.45480280548384,16.461272664398674,398.88458525803225
-348.96640005325582,-188.59017004718299,73.079872243867058
-412.76471154235998,3.6367657687917405,252.75041656075541
-483.68033457607436,98.190744612936328,419.58359850878747
-114.92278090648163,-176.11664711075872,231.280782489247
-522.7748001043559,-20.456406724722918,531.41194494360741
-171.11002201443222,-200.59143021772906,314.11201416250168
-473.67906745458362,-193.19862818782579,93.645347790825284
-360.0327302482026,69.097190653697112,44.549504500409832
-459.13264842258127,4.0912810255501784,228.20256386944104
-554.92186580737564,-96.022380052311888,427.38987635394614
-395.03591235566654,-216.03699874233635,296.84353830804088
-477.77070642785435,-37.276116010544527,381.88943138673983
-277.75252360376084,-130.9897406195939,298.59476724995307
-415.02107499017001,299.14073582862483,123.67664068316992
-387.84166816093995,-121.87460889196055,224.32125088935544
-441.85835075915787,-71.370124556777441,361.3964905900491
-499.50989144674742,-95.382243478751931,447.84895935786477
-464.09203717714024,-100.401815775196,592.33565380905463
-468.29425632322886,46.225344631790215,296.85089426635295
-379.35650655782615,115.25270699055423,155.07743505409783
-265.02409310062245,-345.94016076539833,505.95508682526901
-401.43704816440794,-24.577013107934857,259.73611809217488
-579.14355850578681,-112.2829348127198,456.86302231926538
-527.0260642730035,-212.2793986680351,348.11117793476097
-548.68624420401477,-100.00909173561148,248.65896899717862
-557.77797981634319,144.10400945540414,285.11781535972744
-505.04559328034071,86.371887644007728,447.76855485597372
-296.39058095592691,-234.11219201130004,500.50004546721516
-730.60891381124316,-274.55682409779843,398.08772121713253
-314.57406939380519,-236.38514304384239,394.58131130562822
-358.21438312703202,-153.65033184969178,442.76752431974944
-470.49731793799185,10.910082734794862,234.11219201745573
-712.88976154627744,11.036898657770378,134.51773436769042
-271.69170811423231,-289.67318271356999,211.2813505467351
-703.2457496135994,44.549504500410038,325.02954814073871
-724.11980233331644,208.82214537363942,208.24869583815442
-689.15367271051787,213.20108681310279,429.12983188369691
-645.95737094789388,64.561716158804728,275.03366341812915
-598.97518185961042,-92.93266625704328,727.75632280677155
-468.22424986024004,-199.5634398246336,128.19369608713421
-547.69941091614362,34.563873155755907,364.38055870673043
-601.87289720024683,71.370124718806608,590.05364181864707
-343.41594488669915,-247.36706807297625,453.83344657911556
-453.22313317584621,-60.005546674986938,275.93410179206529
-818.82531165220428,169.10572828719066,309.00484707491484
-390.91045492446932,-39.060286727362126,494.62459371631405
-362.76025093192362,-261.84198563507374,234.56677879803519
-440.9491771979238,-218.20165469588093,-14.546776979727019
-553.8619354049448,-51.217217970336719,320.14935464609141
-594.59953772974643,30.457271683818607,664.60581998751331
-308.55202209624593,-44.205846678987399,522.29414306500087
-534.49105431797466,-63.590649442831598,-116.21971630740599
-555.95966497685424,138.64893174549982,472.77020544638168
-406.40058187107593,-101.37211772619033,508.68334045375099
-453.67760705518236,-288.21542120666845,528.22983907627918
-271.6000230096937,94.796922217831408,644.84692672989922
-439.58538264119733,-36.821462067390812,395.03601753473697
-383.18681662986774,-577.27356621593924,402.79372705591783
-606.87335212291532,231.8392580482321,325.02954814073615
-392.51761712442851,-201.37756089380542,403.87008822390061
-969.63359289107882,5.4550540446042763,782.79845038087751
-813.7103373033874,-98.190744613146094,113.19210837348551
-93.783456045108565,-173.79072943360131,-101.51143131559377
-625.87391585615262,3.7282578027066973,537.84496388922128
-409.12835010936766,-48.183298155111395,-41.82108832092559
-358.30214572148873,-76.693411505913886,78.035164894899211
-547.3112847193662,153.65023861484565,335.5087682698109
-371.39727760793073,-32.730122836274823,332.30637745877164
-176.91744960662959,-164.34952036830467,334.32889527380217
-665.96963303855318,85.007728586809392,450.95008716110988
-556.8688062654752,-5.4740296015720187,311.52907295661504
-531.74381862531254,-86.274758826156443,768.79763857413525
-517.77468556366864,-208.20074552231992,464.58700490684043
-457.59135692978373,-203.35317910845632,425.18647870466941
-395.04006635952385,-72.282281448055855,347.30211009799842
-440.94917719792358,57.364847234554468,423.8108368641507
-293.21723062906011,-283.20756450772279,101.82160070957012
-670.68475393301344,74.436774515528725,496.06185684942835
-629.2713747963669,180.66559887980139,355.5126825331119
-495.95417765251256,-104.55495954177546,78.64351304663947
-819.62067262513062,439.13012290173242,198.65390349342863
-357.33411581410257,-36.064502339290549,317.47841529702958
-559.14174015819276,-90.008182562050791,431.85744158559669
-712.28339043208337,-126.37922373557832,311.92058589901524
-350.57778981001383,-331.90902859676163,498.28690850822142
-449.80950485949063,-468.89168559184225,477.64933433339706
-508.81991904783905,-162.06510492619458,491.8861657530403
-340.07971223112116,-186.83849519408901,257.65415091089795
-431.85744158559413,-146.83153022638075,315.93781252841023
-482.30610123625746,-149.0937901064338,410.04682032425825
-275.02498746415978,-176.83424441188515,453.67762575289026
-405.03682152923136,-332.30293663060434,107.28248022546809
-410.94644967811854,-265.93326666060733,591.87198836140499
-519.32817881392862,-337.81238403159034,247.39820671806459
-406.85653635879208,-84.530603451135704,476.4046528471103
-368.21529229932304,247.74979543592386,61.823802163819138
-520.04727702518096,232.74843167560891,228.20256386943936
-471.58162691915533,-119.7314587220486,548.96569556470399
-575.99482485198632,120.83441398247282,467.44179906264992
-502.67032045693935,4.6485260686538519,581.06456431848972
-519.59269024473838,4.0912810253770875,349.12264751323346
-459.13264854938251,-150.01357182049418,409.12810252659625
-459.58723520319239,-224.1112828438857,343.75355059891939
-529.59118124831411,50.916137598854156,401.85713204604252
-262.29642517947121,-34.09382218432502,217.29274162946274
-581.14506405441841,114.84774269928485,595.61173546458883
-228.06395222960546,62.887816678080192,-3.1606750164900794
-384.77974296685278,166.40782698836821,336.0606328426536
-277.75241820430239,-296.84516774252415,409.12825968326757
-311.85482924591963,1.355554795935173,292.29349151621471
-490.4899377200486,-54.990160599173727,662.33555623240431
-148.19529048095043,20.276538427596535,138.19438130739189
-364.57859805436374,-176.37967087917056,527.32066551504693
-512.30925146535014,-20.445782925364725,179.57647112917141
-637.53913746301089,-27.839002188847424,424.64771788853625
-551.98826642102085,262.44589285717279,314.74418050502015
-271.80396111376893,-230.89314044688757,383.2704560967328
-179.56183995299986,-134.55774762338135,297.29970912330265
-411.29524230465722,-235.01535776406897,303.2521822912401
-595.50868260749144,277.29793645392044,219.12369904442662
-230.02091099021024,-82.734794069996028,516.4105827838597
-420.49277083087952,-73.680127167098135,317.75616130328547
-413.21938358032207,-152.28657150650076,403.67306118738151
-562.98929901867052,-109.72099779219607,484.74621321370779
-293.20847349758873,-685.06227838894392,351.8501681971066
-602.96068650664949,89.170165905663794,470.00495763710808
-228.12837393163531,-163.08535039827595,291.64987285260554
-332.21333178347805,-170.09511300621671,163.76688699199511
-515.04646447586595,-46.367486863579877,517.83479797885002
-550.50459132649212,-120.01091008274462,-147.74070370035056
-529.13901269321946,-66.369670052131156,214.1103736174307
-305.94128320198416,-238.66572455610859,247.29028132730124
-552.77752522956121,-249.56814255841198,332.30293663059928
-505.04591326483694,-324.1203745795047,512.31930175470188
-438.67624329484261,-205.01863805800556,491.40830984634584
-285.02568717035626,-190.47163680214513,386.39898780008741
-547.32280923445683,-168.65201798090419,385.94403407345249
-456.58550745337726,39.421215614936415,350.80724305040394
-529.74759958148206,-113.60545155846549,134.39779495687162
-864.71622112455941,-131.49362790263652,113.75914248438092
-608.34648223011698,-128.86679844514563,535.81198799295896
-681.26890998823364,-74.475578538641628,378.83054676772832
-523.22930246520423,162.28757235427116,412.31034029296745
-638.52797310638266,59.251251554051564,128.92711960440403
-373.67034182873067,-246.84063003675126,284.11672972322458
-561.86926084188872,43.640330939178355,202.291117374305
-553.92771424978048,166.96552683040383,406.55584442634904
-461.86033409108018,-68.642760568524494,245.9312936214817
-412.310311344242,-109.10089501913568,507.31871206771655
-529.11892713438363,78.663744096892529,164.56378123076132
-279.57082298237174,-613.23746798602838,201.382002277971
-304.11855623901823,-183.19847259505266,449.58632602300099
-132.73933942859961,-190.01602125960832,346.39700181199595
-566.86971542867173,-71.824711337393879,600.05455041367031
-605.94762129420724,106.39516225731214,581.44536827985382
-555.05045913264348,48.640785525956844,596.41782604061291
-457.76888808073124,-3.6366942449307431,380.9437221565571
-250.36040117824777,49.77134283019705,297.28216241348656
-373.82707733774441,-187.2418216784011,506.72439281750076
-332.3054070666833,-101.82976435695502,35.000856991147892
-465.49686096243641,-330.48458650865444,294.57223779094409
-479.58937267328594,-404.22860029007984,411.2996095852165
-350.72862224910438,44.694554635619113,322.61669527149274
-395.94505641147526,-206.38239249876881,395.48947207707556
-301.44925310532341,-26.987301355363499,444.09220776601313
-443.67776975626452,-432.31304198283783,261.84024966816003
-591.41740158195785,267.75161378303511,407.30975543229789
-530.77399673773789,186.53418449887357,513.71700495071445
-773.25211382852763,125.01136466792531,397.76343303883505
-465.49686335330148,-42.276570599573326,561.41467405913318
-702.74926666617364,-114.53734396825485,-33.596863082608117
-468.12311607341195,-107.66795671764436,503.58520087136139
-422.82604136437806,245.28514658889409,184.5307830038355
-570.43731622038399,221.16955838751051,420.85880061482305
-305.02779825706369,-53.233819230763537,234.06504177574462
-451.86336110334543,-85.465847742645607,373.20371215240357
-476.40716284365158,227.29328192475305,205.01831292802112
-503.22756614237693,-148.64829245633581,291.84788276620674
-423.06067781129963,-220.23197804396543,563.35793058805962
-459.26238272796337,90.403303802076536,609.32209261397679
-415.03693362045499,300.02814820177269,465.04346948293096
-305.24102037880846,-184.49447564032158,336.30017142732061
-326.5339251949581,-89.988448811861872,551.511942106167
-215.92360298612249,-188.19362155850143,494.59260507993713
-445.92722864377788,-317.73714260721306,398.68786734998707
-441.39477121280152,162.09733402769098,398.94835531039354
-371.39811455988337,68.1878381694669,179.10665555857207
-545.50413673972616,40.912810255479009,413.55715096580445
-97.395110812947877,-372.58043234202273,405.31654706031026
-545.73122551400752,-130.64926112373502,206.06373565830737
-803.73076084657055,-212.78585791717128,373.18825312435587
-467.12478610893885,-98.566512219861167,291.09868976540918
-569.14256937562379,205.01871801413469,303.20944207989351
-662.33018249207726,352.32212515524736,309.6911777217029
-598.59843924841084,-414.94404102698695,337.36995502889829
-475.91181275440698,136.41947625035183,257.33376684416231
-548.83677672422584,-150.31619725383089,432.61757723660668
-510.13365592820475,-60.993191943863302,334.9868132760065
-472.31566506045704,150.01363760341752,138.64896808800526
-456.35787020264195,30.057313585864947,430.10158171922694
-418.55179621759868,45.550649609233027,582.93353866289431
-593.23576504631205,135.00966828456382,355.9388483736264
-480.49822711155156,114.1012819347217,335.93963087553186
-511.88655173127057,-166.8442668648176,573.20025613465009
-331.24883734220566,-55.859415285026181,347.11654926706484
-509.59178107100172,54.550413673970418,285.48144706962569
-476.40686849581027,4.0913907459380416,352.3049353098026
-396.39967269761161,-330.93917628884873,384.58041640140738
-390.49002694067411,200.01818271402232,161.37833930368703
-549.14083098462845,-274.11582871170162,164.1058278025267
-386.15354447467365,145.2067103767221,191.34195011719243
-463.52309233319227,276.99795525907336,149.26643210666083
-312.28666972948173,83.204429484910079,200.04448081044885
-695.06318756250232,-252.75025002272949,288.20801891080953
-453.22496962035444,-128.64545584962133,67.732678764777788
-485.9734111412327,-166.3360269371139,509.61425696986561
-270.47913446676432,230.47549785548901,308.2098372579307
-480.69564984117164,-222.99381224393926,550.14883947709268
-382.93630351846627,-61.655457378155056,-41.983769862077239
-665.98321415632643,-187.74005913558722,601.84402234880827
-651.13972660346064,56.528718832190513,536.63011015462041
-608.32697550264425,286.06914569283691,180.4552120871499
-574.37728268053297,200.30586643902566,39.068411019809801
-500.50004545862657,-131.3755795980864,265.02409482752353
-600.21249369631607,-269.06880181731901,312.41554709229922
-587.78070330481364,-86.82607052998145,544.59496648512766
-647.78313653984412,83.193200793608213,-85.457222625358625
-837.34850675698124,-396.39932955905641,401.400470422757
-276.84334939539895,11.819256296028188,293.66306027820542
-661.42376579688653,-339.43748513322055,161.51714710607087
-470.83490277498555,218.30064932308116,277.59521550596077
-464.13310646570358,-173.19756571914803,292.29929792014121
-536.19974290402354,-48.761749805933661,357.10360243246265
-307.30281341923683,-128.64913377571364,281.38599261775204
-109.1008272988318,14.935932540245924,328.626983733381
-666.97361572139653,306.29668123962256,442.2181289472602
